,School No.,School Name,County,2011,2012,2013,2014,2015,2016
0,A260,Aboite Christian School,Huntington,,,,4450.36,4611.6,4388.74
1,C905,Adventist Christian Elementary,Monroe,,,,,3671.81,
2,A515,All Saints Catholic School,Cass,,4160.55,4281.43,2919.91,,
3,B806,Ambassador Christian Academy,Lake,4287.53,4467.3,4726.74,4815.42,4780.28,6026.79
4,C250,Anderson Christian School,Madison,,3736.78,4087.92,4489.45,4589.89,4711.62
5,B760,Andrean High School,Lake,5448.09,5425.13,5650.45,5297.93,4981.06,5144.46
6,B755,Aquinas School at Saint Andrew's,Lake,3734.78,4140.72,4287.78,4299.31,4381.42,4332.95
7,A248,Ascension Lutheran School,Allen,,,1370.37,1710.27,2304.78,2454.31
8,B764,Avicenna Academy,Lake,,,4813.64,4458.71,4527.61,5364.79
9,C575,Baptist Academy,Marion,4229.79,4368.87,4245.82,4431.42,5076.97,4993.89
10,B015,Bethany Christian School,Elkhart,3828.21,4253.63,4260.64,4360.75,4525.16,4528.19
11,B290,Bethesda Christian School,Hendricks,,4333.69,4172.63,4019.51,3898.49,4046.12
12,C705,Bishop Chatard High School,Marion,5437.15,5665.29,5318.72,4933.21,4703.97,4884.52
13,A120,Bishop Dwenger High School,Allen,4766.02,4942.92,4738.59,4509.7,4324.97,4443.09
14,A125,Bishop Luers High School,Allen,4824.79,5274.51,5364.83,5065.63,4742.79,4822.37
15,B970,Bishop Noll Institute,Lake,5590.13,6031.11,6313.58,6045.57,5611.2,5778.15
16,A172,Blackhawk Christian Elementary School,Allen,3943.7,3760.46,3966.33,3774.09,4059.26,4094.32
17,A170,Blackhawk Christian Jr/Sr High School,Allen,4446.86,4210.79,4201.96,3971.29,4209.21,4380.19
18,C360,Brebeuf Jesuit Preparatory School,Marion,4273.49,4470.71,4082.41,4194.19,4104.49,4072.63
19,C396,Burge Terrace Christian School,Marion,,,,3940.11,3980.07,4602.15
20,B815,Calumet Christian School,Lake,,,3676.98,3427.32,4361.4,4546.47
21,C580,Calvary Christian School,Marion,3301.89,3708.91,3764.72,3871.18,4038.7,3926.42
22,C315,Calvary Lutheran School,Marion,4175.5,3673.1,3762.36,3894.39,3950.85,4175.96
23,C690,Capitol City Seventh Day Adventist Church School,Marion,,2993.46,4432.91,4511.45,4681.42,4647.23
24,C715,Cardinal Ritter High School,Marion,5177.25,5106.11,5358.78,5041.07,4874.06,5226.88
25,C700,Cathedral High School,Marion,4842.13,4805.45,5254.25,4821.57,4580.09,4687.52
26,D415,Central Catholic Jr/Sr High School,Tippecanoe,,3588.42,4180.51,4067.97,4152.82,4241.73
27,C625,Central Catholic School,Marion,4483.55,4447.11,4647.81,4756.02,5588.1,5957.83
28,A249,Central Christian School,Allen,3580.69,4130.15,4216.31,3806.75,3841.91,3787.78
29,A370,Central Lutheran School,Allen,,,,2836.75,3481.9,3471.78
30,C585,Christ The King School,Marion,4090.87,4133.12,3682.32,3761.65,3714.37,3941.02
31,D230,Christ The King School,St Joseph,,3815.19,3706.21,3534.09,3807.73,3832.53
32,D545,Christ The King School,Vanderburgh,,3683.88,3367.64,3584.97,3756.57,4177.23
33,B045,Christian Academy of Indiana,Floyd,4128.06,4078.55,4092.65,4158.76,4137.61,4056.7
34,B493,Christian Academy of Madison,Jefferson,,3407.98,2964.62,3013.9,3125.34,3333.67
35,B195,Cicero Adventist School,Hamilton,,,,,,
36,B985,City Baptist Schools,Lake,,3000.0,,,,
37,C933,Clear Creek Christian School,Monroe,,3383.51,3393.31,3488.37,3760.8,3634.24
38,A479,ClearView Education,Boone,,,,,,
39,A875,Clinton Christian School,Elkhart,,4181.75,4183.97,4239.74,3991.93,4213.91
40,C495,Colonial Christian School,Marion,,,3699.35,3809.09,3858.37,4096.77
41,A450,Columbus Christian School Inc.,Bartholomew,4302.31,4293.16,4370.16,4302.8,4306.42,4396.78
42,D305,Community Baptist Christian School,St. Joseph,,,4007.26,3983.32,3928.84,3975.52
43,D862,Community Christian School,Wayne,,3921.07,3847.41,3889.4,3972.19,3689.74
44,A205,Concordia Evangelical Lutheran School,Allen,,3774.59,3611.58,3691.19,3802.04,3991.56
45,A195,Concordia Lutheran High School,Allen,4842.74,5080.4,5068.66,4668.78,4455.73,4599.87
46,C281,Cornerstone Baptist Academy,Marion,,,4332.88,4344.15,4445.26,4552.13
47,A236,Cornerstone College Preparatory School,Allen,4596.94,4628.5,5001.68,4991.49,4968.7,5633.53
48,D235,Corpus Christi School,St Joseph,,3915.92,3782.32,3641.99,3669.33,3705.97
49,D550,Corpus Christi School,Vanderburgh,,,2528.65,2094.12,2161.85,2480.14
50,B469,Covenant Christian High School,Jasper,,,4350.09,3830.81,3878.63,3934.78
51,C527,Covenant Christian High School,Marion,5125.21,4751.74,4407.97,4182.21,4103.44,4292.88
52,D189,Covenant Christian School,St Joseph,,4267.48,4202.81,4415.31,4489.48,4935.55
53,B085,Covington Christian School,Fountain,,3213.94,3618.62,3586.08,3808.72,3872.62
54,C215,Cross Street Christian School,Madison,,,,,4106.25,4431.07
55,B009,Crossing Educational Center,Elkhart,,,5193.62,5441.88,5235.49,5418.65
56,C514,Crosspointe Christian Academy,Marion,,,3448.33,3419.57,3624.72,3865.53
57,A275,Crossroad Academy,Allen,,,,,,5424.88
58,B771,Crown Point Christian School,Lake,,,,3452.42,3386.09,3374.95
59,C223,Delaware Christian Academy,Delaware,,,,4800.0,5836.36,6098.63
60,B470,DeMotte Christian School,Jasper,3594.54,3898.68,3760.74,3778.77,4017.78,4125.77
61,C112,Door Prairie Adventist School,LaPorte,,4206.75,4350.48,4056.06,,
62,A990,Elkhart Christian Academy,Elkhart,3980.71,3933.33,4280.6,4097.09,4422.79,4330.91
63,B160,Eman Schools,Hamilton,,3899.75,4347.64,4218.39,4322.97,4588.83
64,A215,Emmanuel Saint Michael Lutheran School,Allen,,3750.09,2476.14,2669.49,2844.3,2914.44
65,A220,Emmaus Lutheran School,Allen,3418.75,4109.08,4316.47,4191.57,4097.14,4246.14
66,C680,Emmaus Lutheran School,Marion,,,4700.0,4912.5,5400.0,5400.0
67,D485,Evansville Christian School,Vanderburgh,4489.83,4079.34,4136.84,4152.08,4340.09,4554.41
68,D525,Evansville Day School,Vanderburgh,,,,,4638.0,4326.69
69,D526,Evansville Day School PK-08,Vanderburgh,,3742.22,4652.88,4324.36,,
70,D625,Evansville Lutheran School,Vanderburgh,4182.61,4352.9,3896.84,3775.77,4117.32,3938.63
71,B748,Faith Academy,Lake,,4144.74,4611.64,4734.61,4602.68,4741.21
72,B037,Faith Christian School,Fayette,,,,,,
73,D452,Faith Christian School,Tippecanoe,4078.49,4035.36,4114.12,4329.8,4355.2,4429.74
74,B161,Fishers Christian Academy,Hamilton,,,,4294.9,4650.24,4776.96
75,B565,Flaget Elementary School,Knox,,3116.0,3182.0,3304.9,3403.51,3466.13
76,A724,Good Shepherd Christian Academy,Decatur,,,2899.17,2922.99,2921.38,2934.29
77,D555,Good Shepherd School,Vanderburgh,,3062.75,3409.44,3320.88,3472.11,3469.92
78,D329,Grace Christian Academy,Scott,3114.27,4242.22,4721.07,4568.98,4731.63,4866.05
79,D310,Granger Christian School,St Joseph,,4193.03,4585.52,4328.73,4378.58,4311.8
80,C966,Greenwood Christian Academy,Johnson,3715.6,4003.92,4125.3,4064.05,4113.81,4014.62
81,B249,Guerin Catholic High School,Hamilton,,4282.38,3961.84,4392.59,4139.06,4138.6
82,B790,Hammond Baptist Elementary & High School,Lake,,,,,,
83,C475,Hasten Hebrew Academy Of Indianapolis,Marion,,,4256.3,4505.0,4695.37,4537.72
84,C275,Heritage Christian School,Marion,4044.86,3920.31,4167.87,4336.59,4690.36,4785.19
85,A746,Heritage Hall Christian School,Delaware,,3823.93,4117.82,4221.94,4132.56,4418.74
86,C020,Highland Christian School,Lake,,,4493.63,4137.77,4744.29,5126.76
87,C590,Holy Angels Catholic School,Marion,4243.25,4337.83,4677.03,4747.57,5594.09,5600.29
88,C595,Holy Cross Central School,Marion,4392.62,4428.7,4755.36,4845.78,5742.72,5958.38
89,A225,Holy Cross Lutheran School,Allen,,1734.21,1721.21,1797.82,1809.82,1872.14
90,C267,Holy Cross Lutheran School,Marion,,,,4011.16,3790.45,3867.96
91,B115,Holy Cross School,Gibson,,,,2018.42,2001.52,2371.98
92,C211,Holy Cross School,Madison,,,,,,3048.07
93,D240,Holy Cross School,St Joseph,4216.64,4265.01,4412.85,4393.45,4620.91,4805.48
94,D725,Holy Cross School,Vigo,,,,,,
95,A865,Holy Family School,Dubois,,2739.68,2545.19,2560.32,,
96,B050,Holy Family School,Floyd,,,3709.29,3596.69,3538.64,3809.09
97,D245,Holy Family School,St Joseph,4235.26,4243.17,4197.87,4098.9,4307.26,4554.27
98,C545,Holy Name School,Marion,4184.84,3605.84,3271.8,3348.33,3452.2,3770.72
99,D560,Holy Redeemer School,Vanderburgh,4192.23,3871.66,3653.57,3447.02,3514.32,3692.09
100,D565,Holy Rosary School,Vanderburgh,,3329.19,3826.26,3666.02,3950.83,3875.14
101,C390,Holy Spirit School,Marion,3330.1,4146.21,4405.7,3521.13,4204.2,4446.15
102,D570,Holy Spirit School,Vanderburgh,3126.08,3543.65,4391.21,3725.34,3947.56,4291.01
103,A871,Holy Trinity Catholic School,Dubois,,,,,2433.57,2467.8
104,A309,Horizon Christian Academy,Allen,3256.72,4380.44,4977.03,4973.23,5084.11,
105,A302,Horizon Christian Academy II,Allen,,,4675.06,4702.1,4818.94,
106,A307,Horizon Christian Academy III,Allen,,4415.31,4630.61,4696.4,4854.57,5629.3
107,C282,Horizon Christian School,Marion,4240.96,4258.28,4625.35,4507.66,4649.87,4595.53
108,C563,Horizon Christian School-Shepherd Campus,Marion,,4454.97,5053.46,4996.68,5967.31,6073.88
109,B725,Howe School,LaGrange,,,,,4754.76,5007.68
110,B418,Huntington Catholic School,Huntington,4175.0,3611.05,3732.79,4010.37,4113.37,4220.42
111,C600,Immaculate Heart of Mary School,Marion,,,,,,
112,B445,Immanuel Lutheran School,Jackson,,,,,1329.72,1953.72
113,B190,Indiana Academy,Hamilton,,,5094.9,5388.72,5130.09,5222.24
114,C175,Indiana Christian Academy,Madison,,3830.89,4416.1,4333.29,4334.26,4407.43
115,C455,Indianapolis Junior Academy,Marion,3945.56,4618.49,4796.65,4583.03,4572.46,4709.35
116,B302,Islamic School of Plainfield,Hendricks,,,,,,5587.96
117,B483,Jay County Christian Academy,Jay,3461.02,3432.59,4640.74,4653.87,4727.63,5129.92
118,D722,John Paul II Catholic High School,Vigo,,,,,,
119,B295,Kingsway Christian School,Hendricks,,3994.92,3659.59,3799.22,3934.4,4044.19
120,D440,Lafayette Christian School,Tippecanoe,,3687.02,3982.13,4040.77,4222.14,4277.18
121,B595,Lakeland Christian Academy,Kosciusko,,4495.14,4897.88,4612.69,4144.92,4331.69
122,B145,Lakeview Christian School,Grant,4679.47,4530.28,4568.58,4465.55,5156.23,5298.79
123,A740,Lakewood Park Christian School,Dekalb,3696.63,3950.49,3900.6,3996.04,3849.51,3954.87
124,B248,Legacy Christian School,Hamilton,,,,4434.67,3940.19,4192.33
125,B299,Legacy Learning Center,Marion,,,,,,5193.01
126,C226,Liberty Christian Elementary,Madison,4248.27,4331.42,4450.14,4371.93,4538.1,4703.52
127,C225,Liberty Christian School,Madison,5258.52,4911.51,5039.43,4897.78,5016.11,4761.41
128,C224,Liberty Christian School (7-8),Madison,4242.75,4350.08,4403.84,4407.91,4623.21,
129,C927,Lighthouse Christian Academy,Monroe,,4006.18,4214.38,4115.73,4050.62,4377.67
130,C270,Lutheran High School,Marion,4624.14,4935.29,5226.74,5051.59,4736.5,4675.97
131,A235,Lutheran South Unity School,Allen,4100.69,4263.15,4607.44,4515.04,5153.04,5086.88
132,D165,Marian High School,St Joseph,5463.6,5177.23,5368.69,4719.35,4729.51,4748.27
133,C125,Marquette Catholic High School,LaPorte,5156.79,5139.31,5497.06,5468.77,5217.58,5476.76
134,D530,Mater Dei High School,Vanderburgh,,4343.75,4087.98,4187.93,4154.22,4004.32
135,D315,Michiana Christian School,St Joseph,,,3506.62,3435.68,3500.84,4485.1
136,B747,Midwest Elite Preparatory Academy,Lake,,,4652.01,4689.96,4739.81,5205.71
137,D177,Mishawaka Catholic School,St Joseph,4088.41,4044.88,3361.17,3209.55,3416.78,3544.2
138,C965,Mooresville Christian Academy,Morgan,,,4395.56,4213.12,4320.29,4039.63
139,B951,Morning Star Academy,Lake,,,,,,5173.5
140,B904,Mosaic Middle School,Lake,,,,5458.9,5864.14,6455.32
141,A130,Most Precious Blood School,Allen,4321.48,4011.65,3386.74,3581.91,3429.62,3474.51
142,C628,MTI School of Knowledge,Marion,4437.94,4598.66,4657.87,4825.93,5302.42,5491.66
143,D065,Nativity of Our Savior School,Porter,,4353.42,4368.69,4083.6,3838.19,3910.17
144,C265,Nativity School,Marion,2664.29,3091.24,3320.8,3660.99,3658.52,3629.27
145,D249,New Vision Christian Academy,St Joseph,,,4744.44,4678.51,4718.74,5511.48
146,D158,North Liberty Christian School,St Joseph,,,2536.36,2875.0,3042.32,3182.82
147,A405,North Star Montessori School,Bartholomew,,,,,5114.64,5049.62
148,C105,Notre Dame Elementary School,LaPorte,4110.34,3899.01,4191.1,3762.22,4481.54,4592.62
149,D135,Oldenburg Academy,Franklin,,4038.66,4555.53,4044.72,4384.35,4066.61
150,B246,Our Lady of Grace School,Hamilton,,3987.33,3553.99,3631.81,3735.4,3823.73
151,C025,Our Lady Of Grace School,Lake,4172.31,4146.34,4430.43,4434.35,4796.59,4819.94
152,D250,Our Lady Of Hungary School,St Joseph,4473.94,4449.29,4701.52,4305.84,4492.95,4830.07
153,C605,Our Lady Of Lourdes School,Marion,4178.12,4120.2,4347.71,3661.48,3961.64,3931.32
154,B060,Our Lady Of Perpetual School,Floyd,2784.8,2940.45,3151.09,3404.2,3597.48,3718.92
155,A575,Our Lady Of Providence High School,Clark,,4376.41,4419.4,4344.68,4101.46,4164.23
156,B535,Our Lady Of The Greenwood School,Johnson,4209.55,4099.07,4159.41,3361.94,3714.61,3504.36
157,A106,Our Lady School,Allen,,,,,,4282.75
158,C512,Our Shepherd Lutheran School,Hendricks,,4479.84,4614.26,4041.85,4723.03,4178.48
159,B167,Paddock View Residential Center,Grant,5298.17,5057.69,5118.21,,,
160,C899,Pinnacle School,Monroe,4351.86,4401.53,4575.3,4641.46,4823.36,
161,B510,Pope John XXIII School,Jefferson,,3607.84,3388.98,3442.89,3546.69,3639.35
162,D080,Portage Christian School,Porter,,,3871.46,4282.44,4655.33,4845.83
163,A870,Precious Blood School,Dubois,,,2172.81,2233.53,,
164,C791,Project Libertas,Marion,,,4587.75,4835.59,5750.29,5798.49
165,C623,Providence Cristo Rey High School,Marion,5890.14,5851.47,6075.95,6056.24,5651.94,5850.46
166,C110,Queen Of All Saints School,LaPorte,3879.77,4114.18,3994.38,3799.62,3603.14,4335.14
167,A135,Queen Of Angels School,Allen,4250.71,3989.47,3570.46,3771.31,3890.22,3827.3
168,D198,Queen of Peace School,St Joseph,,3056.43,2837.44,2809.94,3131.38,3116.87
169,B367,Redeemer Lutheran School,Howard,,,3282.57,3534.84,3912.4,3614.93
170,D535,Reitz Memorial High School,Vanderburgh,4679.54,3754.77,4596.82,4548.28,4373.28,4554.26
171,D317,Resurrection Lutheran Academy,St Joseph,,,,,,4495.06
172,D610,Resurrection School,Vanderburgh,,,2872.51,2911.22,3068.01,3098.89
173,D860,Richmond Academy,Wayne,4535.71,4611.52,3604.61,4049.85,3832.32,3983.96
174,B560,Rivet Middle & High School,Knox,,,3065.69,3153.18,3301.31,3344.76
175,C320,Roncalli High School,Marion,4392.87,4357.19,4861.94,4631.97,4417.41,4541.46
176,A470,Sacred Heart School,Benton,,,2822.22,2540.0,3132.32,2984.99
177,A570,Sacred Heart School,Clark,3705.39,3636.95,4119.88,3708.54,4031.7,3977.48
178,B605,Sacred Heart School,Kosciusko,,3136.04,2585.16,2710.02,2755.73,2910.85
179,D255,Saint Adalbert School,St Joseph,4022.0,4436.76,4668.21,4786.52,4839.2,5281.57
180,A270,Saint Aloysius Catholic School,Allen,,3519.64,3716.3,2881.42,3140.89,3325.08
181,B440,Saint Ambrose School,Jackson,,,2765.5,3127.98,3322.36,3533.47
182,C205,Saint Ambrose School,Madison,2962.59,2984.46,2730.0,3206.93,3046.75,
183,C615,Saint Anthony Catholic School,Marion,,,,,5818.42,6005.44
184,D260,Saint Anthony De Padua School,St Joseph,4374.37,3950.83,3963.38,4046.39,4043.88,4193.7
185,A560,Saint Anthony School,Clark,3664.08,4016.0,4173.87,4081.68,4108.59,4212.97
186,B475,Saint Augustine School,Jasper,,2989.68,3282.33,3204.22,3183.74,3397.13
187,C295,Saint Barnabas School,Marion,,3222.59,1798.54,1700.43,1772.46,1935.58
188,A425,Saint Bartholomew School,Bartholomew,,,3151.37,3200.74,3304.07,3517.25
189,D590,Saint Benedict Cathedral School,Vanderburgh,,3656.75,3331.94,3259.71,3397.83,3602.42
190,D805,Saint Bernard Elementary School,Wabash,,,4107.09,3770.45,3879.07,4544.41
191,D370,Saint Bernard School,Spencer,2532.15,2469.18,2344.44,2444.89,2708.43,2723.83
192,D420,Saint Boniface School,Tippecanoe,,3480.06,3948.66,3369.71,3506.64,3992.26
193,C040,Saint Bridget School,Lake,,,,,,
194,B950,Saint Casimir School,Lake,3885.57,3811.06,3820.88,4020.23,4024.93,4074.57
195,C900,Saint Charles Borromeo School,Monroe,,2534.84,2962.15,3238.99,3330.26,3603.3
196,A145,Saint Charles Borromeo School,Allen,3930.98,4097.52,4180.32,3667.56,3762.78,4041.83
197,C795,Saint Christopher School,Marion,,3692.82,4133.95,4076.25,4086.03,4038.41
198,B800,Saint Edward School,Lake,,,,,,
199,D840,Saint Elizabeth Ann Seton School,Wayne,2599.9,3885.87,4157.9,3344.12,3466.98,3715.28
200,B035,Saint Gabriel Parochial School,Fayette,,,3260.35,3198.81,3305.47,3217.03
201,D435,Saint James Lutheran School,Tippecanoe,,2216.25,2219.59,2539.97,3154.35,3528.95
202,B120,Saint James School,Gibson,,,1462.5,1623.77,1796.73,2030.82
203,C645,Saint Joan Of Arc School,Marion,3892.84,4152.79,4097.13,4099.97,4101.36,4241.87
204,B960,Saint John Bosco School,Lake,4386.72,4295.81,4156.7,4107.33,4306.78,4401.92
205,A695,Saint John Evangelical Lutheran School,Dearborn,,,,,,2889.63
206,C400,Saint John Evangelical Lutheran School,Marion,3271.88,2769.88,2648.76,2621.71,2977.27,2963.92
207,B020,Saint John Evangelist School,Elkhart,,2289.93,2050.98,2404.74,2454.06,3025.8
208,B780,Saint John Evangelist School,Lake,,,3038.28,3112.72,3162.94,3280.67
209,B275,Saint John Lutheran School,Harrison,,,2032.83,2653.94,2898.39,3030.89
210,B450,Saint John Lutheran School,Jackson,,,,,1040.0,
211,C150,Saint John Lutheran School,LaPorte,,,3576.31,3130.93,3355.87,3356.78
212,C985,Saint John Lutheran School,Noble,2538.45,2989.22,3082.47,3102.57,3166.4,3315.82
213,A355,Saint John The Baptist Catholic School,Allen,,3580.74,3661.07,1879.06,2647.12,2715.07
214,A150,Saint John The Baptist School,Allen,4500.0,3932.88,3469.03,3418.87,3782.3,4236.72
215,B965,Saint John The Baptist School,Lake,4077.14,4313.97,4294.96,3688.66,3989.66,4380.74
216,D265,Saint John The Baptist School,St Joseph,4449.74,4420.02,4551.68,4444.67,4587.85,4683.45
217,D465,Saint John The Baptist School,Tippecanoe,,2749.25,2493.2,,,
218,D815,Saint John The Baptist School,Warrick,,,2956.72,2994.5,3169.06,3170.81
219,A365,Saint John-Emmanuel Lutheran School,Allen,,,,3753.08,3476.31,3821.17
220,A340,Saint Joseph Catholic School,Allen,4500.0,,3894.89,3869.93,3863.11,3831.68
221,A350,Saint Joseph Hessen Cassel Catholic School,Allen,,3391.22,3056.88,3050.09,2769.85,2918.81
222,A035,Saint Joseph School,Adams,,3326.14,3673.56,3614.36,3382.37,3167.22
223,A735,Saint Joseph School,Dekalb,,3372.72,3285.23,3204.08,3300.08,3075.95
224,B105,Saint Joseph School,Gibson,,,2096.25,2429.06,2664.62,2782.02
225,B280,Saint Joseph School,Harrison,,,2935.2,3237.02,3264.68,3842.6
226,C145,Saint Joseph School,LaPorte,,,,,,
227,D270,Saint Joseph School,St Joseph,,,3043.02,3224.97,3308.72,3464.09
228,D335,Saint Joseph School,Shelby,,3588.24,3723.82,3956.72,3779.69,3711.11
229,D605,Saint Joseph School,Vanderburgh,,,1957.93,2199.96,2220.16,2435.54
230,D225,Saint Joseph's High School,St Joseph,5202.1,4984.75,5029.35,4895.23,4588.65,4887.06
231,A155,Saint Joseph-Saint Elizabeth Campus I,Allen,,3172.33,2629.68,4894.52,5570.86,5719.79
232,A104,Saint Joseph-Saint Elizabeth Campus II,Allen,,2980.09,3236.08,3014.05,3085.39,3078.38
233,D275,Saint Jude Catholic School,St Joseph,4027.03,3778.18,3659.27,3659.06,3861.44,3891.38
234,A160,Saint Jude Elementary School,Allen,3913.37,3718.12,3187.19,3418.77,3565.0,3739.19
235,C300,Saint Jude Elementary School,Marion,,3258.45,2868.69,3130.04,3044.06,3118.57
236,D425,Saint Lawrence Elementary School,Tippecanoe,,2946.8,3728.07,3179.07,3512.1,3699.47
237,A700,Saint Lawrence School,Dearborn,,,,,3009.57,3141.91
238,A790,Saint Lawrence School,Delaware,,1857.53,1950.79,2665.5,2522.45,3288.38
239,C280,Saint Lawrence School,Marion,4159.36,4238.24,4428.11,4512.76,4892.0,4865.68
240,A360,Saint Louis Besancon Catholic School,Allen,,3151.59,3968.76,3882.66,4152.21,3855.11
241,D130,Saint Louis School,Ripley,,3247.93,2447.07,2817.22,2819.08,2954.01
242,C435,Saint Luke School,Marion,,3535.89,3374.91,3373.78,3356.57,3407.25
243,B285,Saint Malachy School,Hendricks,,3115.7,3336.14,3533.5,3612.04,3600.29
244,C305,Saint Mark School,Marion,3177.22,3722.73,3868.08,3727.91,3840.42,4036.18
245,D430,Saint Mary Cathedral School,Tippecanoe,3216.45,2851.77,3747.81,2932.26,3582.1,3979.81
246,B835,Saint Mary Catholic Community School,Lake,3785.46,3796.01,3901.29,3987.28,4340.6,4302.19
247,C980,Saint Mary Elementary School,Noble,,3103.82,2940.42,2848.61,2867.34,2434.42
248,D140,Saint Mary Elementary School,Rush,,3758.27,4445.36,4370.46,4145.52,4300.36
249,B067,Saint Mary of-the-Knobs Catholic School,Floyd,,,,3630.19,3555.82,3492.6
250,A690,Saint Mary School,Dearborn,,3009.07,3019.07,3021.74,3061.14,3035.67
251,A730,Saint Mary School,Decatur,,,,2912.74,3109.46,3129.28
252,A795,Saint Mary School,Delaware,4181.82,3130.0,2550.0,2694.6,3008.29,3368.44
253,B515,Saint Mary School,Jennings,,3213.29,2704.81,2522.68,2659.58,2920.52
254,B930,Saint Mary School,Lake,3347.83,3910.81,4205.15,4252.21,3503.64,3535.59
255,C190,Saint Mary School,Madison,,1850.0,2350.0,2850.0,2897.69,2900.0
256,C210,Saint Mary School,Madison,1898.41,2178.84,1916.24,2044.89,2567.05,
257,B065,Saint Mary's Catholic School,Floyd,,3806.29,,,,
258,D285,Saint Matthew Cathedral School,St Joseph,4332.49,3894.82,3689.01,3685.79,3703.73,3840.0
259,C440,Saint Matthew School,Marion,,4076.76,4157.92,4027.68,4297.12,4408.43
260,D095,Saint Matthew School,Posey,,,2619.72,2333.34,2316.32,2415.38
261,B095,Saint Michael School,Franklin,,,1200.0,785.0,915.22,909.68
262,B265,Saint Michael School,Hancock,,,3025.84,3272.78,3214.8,3097.9
263,B775,Saint Michael School,Lake,,,4460.99,4136.52,3543.74,3465.16
264,C855,Saint Michael School,Marshall,,3828.99,3716.05,4147.32,4321.79,3957.44
265,C650,Saint Michael The Archangel School,Marion,4236.71,4314.38,4495.57,4117.73,4363.51,4491.87
266,C445,Saint Monica School,Marion,3748.86,3887.06,4051.38,3827.72,3880.84,4355.31
267,A680,Saint Nicholas School,Ripley,,,,,,
268,D050,Saint Patrick School,Porter,,,,,,3557.5
269,D720,Saint Patrick School,Vigo,3972.47,4129.31,3526.26,3344.1,3537.28,3954.11
270,A685,Saint Paul Catholic School,Dearborn,,,1949.21,2682.25,2713.39,2937.59
271,D085,Saint Paul Catholic School,Porter,,,,,,2923.19
272,A245,Saint Paul Lutheran School,Allen,4064.63,4051.99,4282.0,3392.26,4267.27,4435.78
273,C130,Saint Paul Lutheran School,LaPorte,,3027.58,3608.5,3661.32,4738.39,5025.82
274,B155,Saint Paul Parish School,Grant,,3946.96,4009.15,4040.85,3980.49,4666.64
275,A550,Saint Paul School,Clark,,,3415.59,3592.54,3669.95,3928.31
276,C065,Saint Paul's Lutheran School,Lake,,,4263.72,4117.37,4143.52,4542.52
277,A040,Saint Peter Immanuel Lutheran School,Adams,,,1726.8,1062.5,1030.88,1265.28
278,A435,Saint Peter Lutheran School,Bartholomew,,,,,3398.69,3966.71
279,D375,Saint Peter Lutheran School,Starke,,,2198.64,2143.08,2382.1,3209.11
280,A250,Saint Peter's Lutheran School,Allen,,2090.26,2520.81,2607.81,2911.77,2962.58
281,C655,Saint Philip Neri School,Marion,4484.26,4489.34,4672.4,4784.87,5646.4,6035.72
282,D100,Saint Philip School,Posey,,,2134.13,2346.0,2390.21,2449.68
283,D164,Saint Pius X Catholic School,St Joseph,,3582.54,3561.1,3653.6,3561.77,3749.03
284,C450,Saint Pius X School,Marion,,,3288.14,3296.63,3287.29,3426.0
285,C310,Saint Roch School,Marion,3443.08,2975.66,3037.3,2882.01,2961.35,3048.4
286,B518,Saint Rose of Lima School,Johnson,,4066.91,4180.93,3560.22,3522.98,3835.27
287,C665,Saint Simon The Apostle School,Marion,,3535.78,3490.86,3252.45,3416.63,3519.22
288,C120,Saint Stanislaus Kostka School,LaPorte,2930.35,4304.21,4548.89,4525.55,4721.15,4797.2
289,B865,Saint Stanislaus School,Lake,4083.22,4351.79,4381.3,4494.11,4442.13,4653.29
290,B300,Saint Susanna School,Hendricks,,3676.87,3287.38,3487.22,3529.56,3659.93
291,D615,Saint Theresa School,Vanderburgh,4500.0,4500.0,4609.85,4218.92,,
292,C670,Saint Therese Little Flower School,Marion,3623.96,4439.65,4439.18,4350.85,4827.53,5073.38
293,A175,Saint Therese School,Allen,4252.79,3649.86,3352.26,3343.59,3595.38,3642.45
294,C675,Saint Thomas Aquinas School,Marion,,,4634.62,4399.43,4712.03,4898.68
295,C060,Saint Thomas More School,Lake,,3904.55,3943.3,4059.51,4375.62,4400.77
296,A975,Saint Thomas The Apostle School,Elkhart,4090.5,3586.72,2956.97,2812.76,3032.61,3214.21
297,A180,Saint Vincent DePaul School,Allen,,3292.4,2756.97,2830.77,2934.48,3066.23
298,A980,Saint Vincent DePaul School,Elkhart,4436.37,4425.43,4371.21,4667.07,4652.8,4740.94
299,C160,Saint Vincent DePaul School,Lawrence,,3805.12,3604.5,3377.21,3454.15,3618.79
300,D105,Saint Wendel School,Posey,,,,2039.89,1897.33,1991.36
301,B540,Saints Francis and Clare Catholic School,Johnson,,3733.52,3783.8,3784.34,3748.68,3791.99
302,B395,Saints Joan of Arc & Patrick School,Howard,,2580.8,3430.12,3491.1,4241.87,4455.01
303,B125,Saints Peter & Paul School,Gibson,,,,,,
304,C710,Scecina Memorial School,Marion,5641.85,5661.99,5827.67,5667.97,5261.38,5442.46
305,D842,Seton Catholic High School,Wayne,,3945.96,4597.4,4436.68,4256.5,4409.02
306,B455,Seymour Christian Academy,Jackson,,,2507.68,2935.64,2930.99,3226.24
307,B505,Shawe Memorial High School,Jefferson,,,4008.0,4214.8,4340.99,4295.92
308,D195,South Bend Hebrew Day School,St Joseph,,4092.12,4413.72,4367.21,4740.23,5048.32
309,D300,South Bend Junior Academy School,St Joseph,,,4211.79,4444.66,3960.34,4355.23
310,C349,Southport Presbyterian Christian School,Marion,,4415.38,4326.29,4450.51,4438.45,4588.74
311,B928,Spirit of God Accelerated School,Lake,,,4700.0,3430.27,4667.17,4741.29
312,A200,Suburban Bethlehem Lutheran School,Allen,,2353.54,2304.66,2350.25,2437.28,2666.61
313,C325,Suburban Christian School,Marion,,,,4134.91,4227.62,4277.89
314,C940,Tabernacle Christian Schools,Morgan,,,4255.05,4202.63,4485.57,4550.16
315,D748,Terre Haute Seventh Day Adventist School,Vigo,,,4616.67,4700.0,4800.0,4192.81
316,C589,The Independence Academy,Marion,,,4044.4,,4643.29,5021.06
317,B136,The King's Academy,Grant,,3423.84,3590.1,3780.67,3639.22,3725.73
318,C773,The Oaks Academy,Marion,,4207.45,4336.13,4217.04,4462.7,4775.35
319,B297,The Oaks Academy - Brookside,Marion,,,4879.32,4707.18,4944.45,5076.1
320,C774,The Oaks Academy - Middle School,Marion,,,,,4681.25,4649.53
321,C918,The Prep School,Monroe,,,4132.67,4147.87,,
322,D458,Tippecanoe Christian School,Tippecanoe,,,,,,
323,B293,Todd Academy,Marion,,,4428.74,4731.23,,
324,C699,TP Schools,Marion,,3170.82,4193.36,4391.41,4458.61,4983.13
325,C375,Traders Point Christian Academy,Boone,3705.98,3753.17,4048.57,4122.38,4104.41,4307.43
326,C561,Trinity Christian School,Marion,4584.86,4690.45,4878.2,4912.28,5279.19,5327.91
327,B901,Trinity Educational Daycare & Academy,Lake,,4500.0,4700.0,4651.29,6011.87,
328,B452,Trinity Lutheran High School,Jackson,,,,4105.43,4196.16,3968.8
329,B850,Trinity Lutheran School,Lake,,2798.86,3259.67,3101.45,3198.34,3218.34
330,C050,Trinity Lutheran School,Lake,3315.0,3056.22,3530.28,3500.34,3706.93,3547.56
331,C395,Trinity Lutheran School,Marion,4030.34,4007.23,4088.08,4085.6,4115.14,4097.12
332,D217,Trinity School At Greenlawn,St Joseph,,4196.94,4789.45,4422.08,4289.05,4201.45
333,D907,TROY Center,Whitley,,4568.71,4767.24,4978.5,4952.85,5119.77
334,B241,University High School of Indiana,Hamilton,,,,3774.17,4236.95,
335,D073,Victory Christian Academy,Porter,3655.07,3762.96,3750.96,3672.03,3865.59,3929.15
336,B600,Warsaw Christian School,Kosciusko,,4039.86,3952.59,4008.32,4366.09,4255.31
337,A665,Washington Catholic Elementary School,Daviess,2756.38,3852.67,3541.27,3428.98,4360.61,4364.32
338,A660,Washington Catholic Middle/High School,Daviess,2780.0,4285.54,3384.13,3697.6,4594.68,4740.87
339,D580,Westside Catholic School,Vanderburgh,,4009.67,4073.5,4171.45,4537.08,4554.03
340,A430,White Creek Lutheran School,Bartholomew,,,,,,2494.59
341,A375,Woodburn Lutheran School,Allen,,3261.43,4063.0,2762.87,3072.58,3195.86
