,School No.,School Name,County,Grade,2011,2016,Count % Change
0,A260,Aboite Christian School,Huntington,C,9.0,35.0,2.88888888889
1,C905,Adventist Christian Elementary,Monroe,No Grade,9.0,1.0,-0.888888888889
2,A515,,Cass,,1.0,9.0,8.0
3,B806,Ambassador Christian Academy,Lake,D,110.0,154.0,0.4
4,C250,Anderson Christian School,Madison,C,9.0,40.0,3.44444444444
5,B760,Andrean High School,Lake,A,41.0,161.0,2.92682926829
6,B755,Aquinas School at St Andrew's,Lake,B,11.0,79.0,6.18181818182
7,A248,Ascension Lutheran School,Allen,B,1.0,86.0,85.0
8,B764,Avicenna Academy,Lake,D,9.0,20.0,1.22222222222
9,C575,Central Christian Academy,Marion,A,41.0,65.0,0.585365853659
10,B015,Bethany Christian School,Elkhart,A,28.0,158.0,4.64285714286
11,B290,Bethesda Christian School,Hendricks,B,1.0,110.0,109.0
12,C705,Bishop Chatard High School,Marion,A,19.0,194.0,9.21052631579
13,A120,Bishop Dwenger High School,Allen,A,22.0,450.0,19.4545454545
14,A125,Bishop Luers High School,Allen,B,58.0,391.0,5.74137931034
15,B970,Bishop Noll Institute,Lake,B,40.0,276.0,5.9
16,A172,Blackhawk Christian Elementary Sch,Allen,A,31.0,246.0,6.93548387097
17,A170,Blackhawk Christian Mdl/High Sch,Allen,A,13.0,156.0,11.0
18,C360,Brebeuf Jesuit Preparatory School,Marion,A,11.0,85.0,6.72727272727
19,C396,Burge Terrace Christian School,Marion,No Grade,9.0,40.0,3.44444444444
20,B815,Calumet Christian School,Lake,F,9.0,106.0,10.7777777778
21,C580,Calvary Christian School,Marion,A,32.0,124.0,2.875
22,C315,Calvary Lutheran School,Marion,B,20.0,113.0,4.65
23,C690,Capitol City SDA Church School,Marion,F,1.0,24.0,23.0
24,C715,Cardinal Ritter High School,Marion,B,61.0,330.0,4.40983606557
25,C700,Cathedral High School,Marion,A,18.0,250.0,12.8888888889
26,D415,Central Catholic Jr-Sr High Sch,Tippecanoe,A,1.0,168.0,167.0
27,C625,Central Catholic School,Marion,F,44.0,188.0,3.27272727273
28,A249,Central Christian School,Allen,C,11.0,96.0,7.72727272727
29,A370,Central Lutheran School,Allen,B,9.0,160.0,16.7777777778
30,C585,Christ The King School,Marion,A,15.0,98.0,5.53333333333
31,D230,Christ The King School,St Joseph,A,1.0,135.0,134.0
32,D545,Annuc Cthlc Sch @ Christ the King,Vanderburgh,A,1.0,48.0,47.0
33,B045,Christian Academy of Indiana,Floyd,A,17.0,229.0,12.4705882353
34,B493,Christian Academy of Madison,Jefferson,C,1.0,76.0,75.0
35,B195,,Hamilton,,9.0,9.0,0.0
36,B985,,Lake,,9.0,9.0,0.0
37,C933,Clear Creek Christian School,Monroe,B,1.0,40.0,39.0
38,A479,,Boone,,9.0,9.0,0.0
39,A875,Clinton Christian School,Elkhart,B,9.0,133.0,13.7777777778
40,C495,Colonial Christian School,Marion,C,9.0,91.0,9.11111111111
41,A450,Columbus Christian School Inc,Bartholomew,B,30.0,122.0,3.06666666667
42,D305,Community Baptist Christian School,St. Joseph,C,9.0,116.0,11.8888888889
43,D862,Community Christian School,Wayne,A,1.0,44.0,43.0
44,A205,Concordia Evangelical Lutheran Sch,Allen,C,9.0,246.0,26.3333333333
45,A195,Concordia Lutheran High School,Allen,A,21.0,397.0,17.9047619048
46,C281,Cornerstone Baptist Academy,Marion,B,9.0,83.0,8.22222222222
47,A236,Cornerstone College Prep Sch,Allen,F,92.0,122.0,0.326086956522
48,D235,Corpus Christi School,St Joseph,B,1.0,80.0,79.0
49,D550,Corpus Christi School,Vanderburgh,A,9.0,49.0,4.44444444444
50,B469,Covenant Christian High School,Jasper,A,1.0,35.0,34.0
51,C527,Covenant Christian High School,Marion,A,21.0,100.0,3.7619047619
52,D189,Covenant Christian School,St Joseph,A,1.0,83.0,82.0
53,B085,Covington Christian School,Fountain,C,1.0,19.0,18.0
54,C215,Cross Street Christian School,Madison,F,9.0,28.0,2.11111111111
55,B009,,Elkhart,,9.0,276.0,29.6666666667
56,C514,Crosspointe Christian Academy,Marion,C,9.0,98.0,9.88888888889
57,A275,,Allen,,1.0,13.0,12.0
58,B771,Crown Point Christian School,Lake,B,9.0,122.0,12.5555555556
59,C223,Delaware Christian Academy,Delaware,No Grade,9.0,44.0,3.88888888889
60,B470,DeMotte Christian School,Jasper,B,11.0,137.0,11.4545454545
61,C112,Door Prairie Adventist School,LaPorte,D,9.0,9.0,0.0
62,A990,Elkhart Christian Academy,Elkhart,B,22.0,236.0,9.72727272727
63,B160,Eman Schools,Hamilton,A,1.0,121.0,120.0
64,A215,Emmanuel St Michael Lutheran Sch,Allen,A,9.0,162.0,17.0
65,A220,Emmaus Lutheran School,Allen,A,16.0,94.0,4.875
66,C680,Emmaus Lutheran School,Marion,No Grade,1.0,14.0,13.0
67,D485,Evansville Christian School,Vanderburgh,A,10.0,330.0,32.0
68,D525,Evansville Day School,Vanderburgh,A,1.0,38.0,37.0
69,D526,,Vanderburgh,,1.0,9.0,8.0
70,D625,Evansville Lutheran School,Vanderburgh,B,16.0,111.0,5.9375
71,B748,Faith Academy,Lake,D,9.0,65.0,6.22222222222
72,B037,,Fayette,,9.0,9.0,0.0
73,D452,Faith Christian School,Tippecanoe,A,20.0,243.0,11.15
74,B161,Fishers Christian Academy,Hamilton,B,9.0,42.0,3.66666666667
75,B565,Flaget Elementary School,Knox,B,1.0,77.0,76.0
76,A724,Good Shepherd Christian Academy,Decatur,D,1.0,40.0,39.0
77,D555,Good Shepherd School,Vanderburgh,A,1.0,91.0,90.0
78,D329,Grace Christian Academy Inc,Scott,B,11.0,77.0,6.0
79,D310,Granger Christian School,St Joseph,A,1.0,114.0,113.0
80,C966,Greenwood Christian Academy,Johnson,B,20.0,230.0,10.5
81,B249,Guerin Catholic High School,Hamilton,A,1.0,59.0,58.0
82,B790,,Lake,,9.0,9.0,0.0
83,C475,Hasten Hebrew Acad Of Indianapolis,Marion,A,9.0,37.0,3.11111111111
84,C275,Heritage Christian School,Marion,A,34.0,313.0,8.20588235294
85,A746,Heritage Hall Christian School,Delaware,A,9.0,115.0,11.7777777778
86,C020,Highland Christian School,Lake,B,9.0,164.0,17.2222222222
87,C590,Holy Angels Catholic School,Marion,D,22.0,70.0,2.18181818182
88,C595,Holy Cross Central School,Marion,F,50.0,195.0,2.9
89,A225,Holy Cross Lutheran School,Allen,B,9.0,202.0,21.4444444444
90,C267,Holy Cross Lutheran School,Marion,A,1.0,36.0,35.0
91,B115,Holy Cross School,Gibson,A,9.0,29.0,2.22222222222
92,C211,,Madison,,1.0,165.0,164.0
93,D240,Holy Cross School,St Joseph,C,43.0,153.0,2.55813953488
94,D725,Holy Cross School,Vigo,F,1.0,9.0,8.0
95,A865,,Dubois,,1.0,9.0,8.0
96,B050,Holy Family School,Floyd,B,1.0,58.0,57.0
97,D245,Holy Family School,St Joseph,C,35.0,157.0,3.48571428571
98,C545,Holy Name School,Marion,B,12.0,133.0,10.0833333333
99,D560,Holy Redeemer School,Vanderburgh,B,11.0,102.0,8.27272727273
100,D565,Holy Rosary School,Vanderburgh,A,1.0,123.0,122.0
101,C390,Holy Spirit School,Marion,B,80.0,254.0,2.175
102,D570,Annunciation Cthlc at Holy Spirit,Vanderburgh,B,25.0,123.0,3.92
103,A871,Holy Trinity Catholic School,Dubois,A,9.0,82.0,8.11111111111
104,A309,Horizon Christian Academy,Allen,F,22.0,9.0,-0.590909090909
105,A302,Horizon Christian Academy 2,Allen,F,9.0,9.0,0.0
106,A307,Horizon Christian Academy 3,Allen,D,9.0,433.0,47.1111111111
107,C282,Horizon Christian School,Marion,B,17.0,157.0,8.23529411765
108,C563,Horizon Christian School-Shepherd ,Marion,F,9.0,100.0,10.1111111111
109,B725,Howe School,LaGrange,B,1.0,14.0,13.0
110,B418,Huntington Catholic School,Huntington,C,17.0,75.0,3.41176470588
111,C600,Immaculate Heart of Mary School,Marion,B,9.0,1.0,-0.888888888889
112,B445,Immanuel Lutheran School,Jackson,A,9.0,104.0,10.5555555556
113,B190,Indiana Academy,Hamilton,F,9.0,90.0,9.0
114,C175,Indiana Christian Academy,Madison,D,9.0,189.0,20.0
115,C455,Indianapolis Junior Academy,Marion,C,45.0,59.0,0.311111111111
116,B302,Islamic School of Plainfield Inc,Hendricks,No Grade,9.0,16.0,0.777777777778
117,B483,Jay County Christian Academy,Jay,C,18.0,41.0,1.27777777778
118,D722,,Vigo,,1.0,9.0,8.0
119,B295,Kingsway Christian School,Hendricks,A,1.0,141.0,140.0
120,D440,Lafayette Christian School,Tippecanoe,A,9.0,141.0,14.6666666667
121,B595,Lakeland Christian Academy,Kosciusko,F,1.0,55.0,54.0
122,B145,Lakeview Christian School Inc,Grant,F,48.0,198.0,3.125
123,A740,Lakewood Park Christian School,Dekalb,A,26.0,262.0,9.07692307692
124,B248,Legacy Christian School,Hamilton,A,9.0,34.0,2.77777777778
125,B299,,Marion,,1.0,75.0,74.0
126,C226,Liberty Christian Elementary,Madison,C,73.0,197.0,1.69863013699
127,C225,Liberty Christian School,Madison,B,23.0,126.0,4.47826086957
128,C224,Liberty Christian School (7-8),Madison,D,24.0,9.0,-0.625
129,C927,Lighthouse Christian Academy,Monroe,A,1.0,152.0,151.0
130,C270,Lutheran High School,Marion,B,15.0,121.0,7.06666666667
131,A235,Lutheran South Unity School,Allen,B,19.0,65.0,2.42105263158
132,D165,Marian High School,St Joseph,A,41.0,341.0,7.31707317073
133,C125,Marquette Catholic High School,LaPorte,B,17.0,125.0,6.35294117647
134,D530,Mater Dei High School,Vanderburgh,A,1.0,147.0,146.0
135,D315,Michiana Christian School,St Joseph,D,9.0,36.0,3.0
136,B747,Midwest Elite Prep Acad Inc,Lake,No Grade,9.0,50.0,4.55555555556
137,D177,Mishawaka Catholic School,St Joseph,B,18.0,163.0,8.05555555556
138,C965,Mooresville Christian Academy,Morgan,B,1.0,139.0,138.0
139,B951,Morning Star Academy,Lake,No Grade,9.0,12.0,0.333333333333
140,B904,Mosaic Community School,Lake,No Grade,9.0,52.0,4.77777777778
141,A130,Most Precious Blood School,Allen,B,17.0,168.0,8.88235294118
142,C628,MTI School of Knowledge,Marion,D,70.0,229.0,2.27142857143
143,D065,Nativity of Our Savior School,Porter,A,1.0,64.0,63.0
144,C265,Nativity School,Marion,A,14.0,100.0,6.14285714286
145,D249,New Vision Christian Academy,St Joseph,F,9.0,24.0,1.66666666667
146,D158,North Liberty Christian School,St Joseph,C,9.0,11.0,0.222222222222
147,A405,North Star Montessori School,Bartholomew,No Grade,9.0,16.0,0.777777777778
148,C105,Notre Dame Elementary School,LaPorte,A,11.0,71.0,5.45454545455
149,D135,Oldenburg Academy,Franklin,A,1.0,63.0,62.0
150,B246,Our Lady of Grace School,Hamilton,A,1.0,56.0,55.0
151,C025,Our Lady Of Grace School,Lake,B,14.0,90.0,5.42857142857
152,D250,Our Lady Of Hungary School,St Joseph,A,65.0,179.0,1.75384615385
153,C605,Our Lady Of Lourdes School,Marion,C,23.0,99.0,3.30434782609
154,B060,Our Lady Of Perpetual School,Floyd,A,12.0,71.0,4.91666666667
155,A575,Our Lady Of Providence High School,Clark,A,1.0,107.0,106.0
156,B535,Our Lady Of Greenwood School,Johnson,B,11.0,140.0,11.7272727273
157,A106,,Allen,,1.0,102.0,101.0
158,C512,Our Shepherd Lutheran School,Hendricks,C,1.0,52.0,51.0
159,B167,Paddock View Residential Center,Grant,No Grade,20.0,9.0,-0.55
160,C899,Pinnacle School,Monroe,F,11.0,1.0,-0.909090909091
161,B510,Pope John XXIII School,Jefferson,C,1.0,153.0,152.0
162,D080,Portage Christian School,Porter,D,9.0,267.0,28.6666666667
163,A870,,Dubois,,1.0,9.0,8.0
164,C791,School for Community Learning,Marion,C,9.0,60.0,5.66666666667
165,C623,Providence Cristo Rey High School,Marion,B,65.0,246.0,2.78461538462
166,C110,Queen Of All Saints School,LaPorte,A,38.0,99.0,1.60526315789
167,A135,Queen Of Angels School,Allen,C,19.0,128.0,5.73684210526
168,D198,Queen of Peace School,St Joseph,A,1.0,96.0,95.0
169,B367,Redeemer Lutheran School,Howard,B,1.0,49.0,48.0
170,D535,Reitz Memorial High School,Vanderburgh,A,13.0,193.0,13.8461538462
171,D317,,St Joseph,,1.0,18.0,17.0
172,D610,Resurrection School,Vanderburgh,A,1.0,87.0,86.0
173,D860,Richmond Academy,Wayne,F,14.0,44.0,2.14285714286
174,B560,Rivet Middle & High School,Knox,B,1.0,47.0,46.0
175,C320,Roncalli High School,Marion,A,22.0,342.0,14.5454545455
176,A470,Sacred Heart School,Benton,A,9.0,45.0,4.0
177,A570,Sacred Heart School,Clark,A,18.0,99.0,4.5
178,B605,Sacred Heart School,Kosciusko,A,1.0,46.0,45.0
179,D255,Saint Adalbert School,St Joseph,B,46.0,198.0,3.30434782609
180,A270,Saint Aloysius Catholic School,Allen,A,1.0,51.0,50.0
181,B440,Saint Ambrose School,Jackson,A,1.0,67.0,66.0
182,C205,Saint Ambrose School,Madison,B,13.0,9.0,-0.307692307692
183,C615,St Anthony Catholic School,Marion,C,9.0,200.0,21.2222222222
184,D260,Saint Anthony De Padua School,St Joseph,A,32.0,134.0,3.1875
185,A560,Saint Anthony School,Clark,A,10.0,179.0,16.9
186,B475,Saint Augustine School,Jasper,A,1.0,26.0,25.0
187,C295,Saint Barnabas School,Marion,A,1.0,128.0,127.0
188,A425,St Bartholomew School,Bartholomew,A,9.0,122.0,12.5555555556
189,D590,St Benedict Cathedral School,Vanderburgh,A,1.0,84.0,83.0
190,D805,Saint Bernard Elementary School,Wabash,A,1.0,47.0,46.0
191,D370,St Bernard School,Spencer,A,21.0,80.0,2.80952380952
192,D420,Saint Boniface School,Tippecanoe,A,1.0,62.0,61.0
193,C040,,Lake,,1.0,9.0,8.0
194,B950,Saint Casimir School,Lake,C,35.0,330.0,8.42857142857
195,C900,Saint Charles Boromeo School,Monroe,A,9.0,40.0,3.44444444444
196,A145,Saint Charles Borromeo School,Allen,A,24.0,389.0,15.2083333333
197,C795,Saint Christopher School,Marion,A,1.0,96.0,95.0
198,B800,,Lake,,1.0,9.0,8.0
199,D840,St Elizabeth Ann Seton E & W,Wayne,A,10.0,155.0,14.5
200,B035,St Gabriel Parochial School,Fayette,A,1.0,78.0,77.0
201,D435,Saint James Lutheran School,Tippecanoe,A,1.0,54.0,53.0
202,B120,Saint James School,Gibson,A,9.0,70.0,6.77777777778
203,C645,Saint Joan Of Arc School,Marion,A,40.0,177.0,3.425
204,B960,Saint John Bosco School,Lake,B,36.0,167.0,3.63888888889
205,A695,,Dearborn,,1.0,19.0,18.0
206,C400,Saint John Ev Lutheran School,Marion,B,11.0,69.0,5.27272727273
207,B020,St John Evangelist School,Elkhart,C,1.0,92.0,91.0
208,B780,Saint John Evangelist School,Lake,A,9.0,34.0,2.77777777778
209,B275,Saint John Lutheran School,Harrison,C,9.0,25.0,1.77777777778
210,B450,Saint John Lutheran School,Jackson,F,9.0,1.0,-0.888888888889
211,C150,Saint John Lutheran School,LaPorte,A,1.0,57.0,56.0
212,C985,St John Lutheran School,Noble,A,10.0,75.0,6.5
213,A355,Saint John The Baptist Catholic ,Allen,A,1.0,132.0,131.0
214,A150,Saint John The Baptist School,Allen,A,20.0,158.0,6.9
215,B965,Saint John The Baptist School,Lake,C,12.0,96.0,7.0
216,D265,Saint John The Baptist School,St Joseph,D,27.0,68.0,1.51851851852
217,D465,,Tippecanoe,,1.0,9.0,8.0
218,D815,Saint John The Baptist School,Warrick,A,1.0,89.0,88.0
219,A365,St John-Emmanuel Lutheran School,Allen,C,9.0,53.0,4.88888888889
220,A340,Saint Rose of Lima School,Allen,B,12.0,47.0,2.91666666667
221,A350,St Joseph Hessen Cassel Cath Sch,Allen,B,1.0,56.0,55.0
222,A035,Saint Joseph School,Adams,A,1.0,171.0,170.0
223,A735,Saint Joseph School,Dekalb,A,1.0,37.0,36.0
224,B105,St Joseph School,Gibson,B,1.0,64.0,63.0
225,B280,Saint Joseph School,Harrison,B,9.0,40.0,3.44444444444
226,C145,,LaPorte,,1.0,9.0,8.0
227,D270,Saint Joseph School,St Joseph,A,1.0,91.0,90.0
228,D335,Saint Joseph School,Shelby,C,1.0,42.0,41.0
229,D605,Saint Joseph School,Vanderburgh,B,1.0,38.0,37.0
230,D225,Saint Joseph High School,St Joseph,A,13.0,288.0,21.1538461538
231,A155,Saint Joseph Catholic School,Allen,B,1.0,139.0,138.0
232,A104,Saint Elizabeth Seton Catholic Sch,Allen,B,1.0,197.0,196.0
233,D275,Saint Jude Catholic School,St Joseph,C,17.0,117.0,5.88235294118
234,A160,Saint Jude Elementary School,Allen,A,28.0,303.0,9.82142857143
235,C300,Saint Jude Elementary School,Marion,A,1.0,137.0,136.0
236,D425,Saint Lawrence Elementary School,Tippecanoe,A,1.0,100.0,99.0
237,A700,Saint Lawrence School,Dearborn,C,9.0,37.0,3.11111111111
238,A790,Saint Lawrence School,Delaware,A,1.0,25.0,24.0
239,C280,Saint Lawrence School,Marion,C,43.0,158.0,2.67441860465
240,A360,Saint Louis Besancon Catholic Sch,Allen,D,1.0,63.0,62.0
241,D130,Saint Louis School,Ripley,A,9.0,87.0,8.66666666667
242,C435,Saint Luke School,Marion,A,1.0,100.0,99.0
243,B285,Saint Malachy School,Hendricks,A,1.0,124.0,123.0
244,C305,Saint Mark School,Marion,B,27.0,145.0,4.37037037037
245,D430,Saint Mary Cathedral School,Tippecanoe,A,10.0,75.0,6.5
246,B835,Saint Mary Catholic Comm School,Lake,B,20.0,108.0,4.4
247,C980,Saint Mary Elementary School,Noble,B,1.0,57.0,56.0
248,D140,Saint Mary Elementary School,Rush,B,1.0,54.0,53.0
249,B067,St Mary of-the-Knobs Catholic Sch,Floyd,A,9.0,24.0,1.66666666667
250,A690,Saint Mary School,Dearborn,B,1.0,53.0,52.0
251,A730,Saint Mary School,Decatur,A,9.0,23.0,1.55555555556
252,A795,Saint Mary School,Delaware,B,11.0,55.0,4.0
253,B515,Saint Mary School,Jennings,A,1.0,65.0,64.0
254,B930,Saint Mary School,Lake,B,23.0,132.0,4.73913043478
255,C190,Saint Mary School,Madison,C,1.0,45.0,44.0
256,C210,Saint Mary School,Madison,B,16.0,9.0,-0.4375
257,B065,,Floyd,,1.0,9.0,8.0
258,D285,Saint Matthew Cathedral School,St Joseph,C,32.0,258.0,7.0625
259,C440,Saint Matthew School,Marion,A,1.0,131.0,130.0
260,D095,St Matthew School,Posey,A,9.0,18.0,1.0
261,B095,Saint Michael School,Franklin,A,1.0,31.0,30.0
262,B265,Saint Michael School,Hancock,A,1.0,52.0,51.0
263,B775,Saint Michael School,Lake,B,1.0,25.0,24.0
264,C855,Saint Michael School,Marshall,A,1.0,74.0,73.0
265,C650,St Michael The Archangel School,Marion,B,61.0,279.0,3.5737704918
266,C445,Saint Monica School,Marion,B,37.0,200.0,4.40540540541
267,A680,Saint Nicholas School,Ripley,A,1.0,1.0,0.0
268,D050,Saint Patrick School,Porter,A,1.0,12.0,11.0
269,D720,Saint Patrick School,Vigo,A,18.0,140.0,6.77777777778
270,A685,Saint Paul Catholic School,Dearborn,C,9.0,43.0,3.77777777778
271,D085,Saint Paul Catholic School,Porter,A,9.0,16.0,0.777777777778
272,A245,Saint Paul Lutheran School,Allen,A,12.0,125.0,9.41666666667
273,C130,Saint Paul Lutheran School,LaPorte,C,9.0,90.0,9.0
274,B155,Saint Paul Parish School,Grant,B,1.0,57.0,56.0
275,A550,St John Paul II Catholic School,Clark,B,9.0,49.0,4.44444444444
276,C065,St Paul's Lutheran School,Lake,A,9.0,37.0,3.11111111111
277,A040,St Peter Immanuel Lutheran School,Adams,C,9.0,18.0,1.0
278,A435,Saint Peter Lutheran School,Bartholomew,B,1.0,122.0,121.0
279,D375,Saint Peter Lutheran School,Starke,B,1.0,57.0,56.0
280,A250,Saint Peter's Lutheran School,Allen,A,9.0,124.0,12.7777777778
281,C655,Saint Philip Neri School,Marion,D,46.0,210.0,3.5652173913
282,D100,St Philip School,Posey,A,1.0,31.0,30.0
283,D164,St Pius X Catholic School,St Joseph,A,1.0,94.0,93.0
284,C450,Saint Pius X School,Marion,A,1.0,50.0,49.0
285,C310,Saint Roch School,Marion,A,16.0,103.0,5.4375
286,B518,St Rose of Lima School,Johnson,B,1.0,94.0,93.0
287,C665,Saint Simon The Apostle School,Marion,A,1.0,48.0,47.0
288,C120,Saint Stanislaus Kostka School,LaPorte,B,32.0,84.0,1.625
289,B865,St Stanislaus School,Lake,C,72.0,166.0,1.30555555556
290,B300,Saint Susanna School,Hendricks,A,1.0,50.0,49.0
291,D615,,Vanderburgh,,16.0,9.0,-0.4375
292,C670,St Therese Little Flower School,Marion,C,53.0,224.0,3.22641509434
293,A175,Saint Therese School,Allen,C,32.0,158.0,3.9375
294,C675,Saint Thomas Aquinas School,Marion,B,1.0,48.0,47.0
295,C060,Saint Thomas More School,Lake,A,1.0,72.0,71.0
296,A975,St Thomas The Apostle School,Elkhart,B,13.0,86.0,5.61538461538
297,A180,Saint Vincent DePaul School,Allen,A,1.0,256.0,255.0
298,A980,St Vincent DePaul School,Elkhart,B,23.0,147.0,5.39130434783
299,C160,Saint Vincent DePaul School,Lawrence,A,1.0,76.0,75.0
300,D105,Saint Wendel School,Posey,A,1.0,37.0,36.0
301,B540,SS Francis and Clare Catholic Sch,Johnson,A,1.0,106.0,105.0
302,B395,Sts Joan of Arc & Patrick School,Howard,B,1.0,150.0,149.0
303,B125,Saints Peter & Paul School,Gibson,A,9.0,1.0,-0.888888888889
304,C710,Scecina Memorial School,Marion,B,40.0,311.0,6.775
305,D842,Seton Catholic High School,Wayne,B,1.0,80.0,79.0
306,B455,Seymour Christian Academy,Jackson,D,9.0,86.0,8.55555555556
307,B505,Shawe Memorial High School,Jefferson,B,1.0,71.0,70.0
308,D195,South Bend Hebrew Day School,St Joseph,A,9.0,82.0,8.11111111111
309,D300,South Bend Jr Academy School,St Joseph,No Grade,1.0,20.0,19.0
310,C349,Southport Presbyterian Chrst Sch,Marion,B,1.0,26.0,25.0
311,B928,Spirit of God Accelerated School,Lake,F,9.0,41.0,3.55555555556
312,A200,Suburban Bethlehem Lutheran School,Allen,B,9.0,84.0,8.33333333333
313,C325,Suburban Christian School,Marion,D,9.0,145.0,15.1111111111
314,C940,Tabernacle Christian Schools,Morgan,C,9.0,212.0,22.5555555556
315,D748,Terre Haute SDA School,Vigo,No Grade,1.0,14.0,13.0
316,C589,The Independence Academy,Marion,F,9.0,14.0,0.555555555556
317,B136,The King's Academy,Grant,B,1.0,149.0,148.0
318,C773,The Oaks Academy - Fall Creek,Marion,A,9.0,175.0,18.4444444444
319,B297,The Oaks Academy - Brookside,Marion,A,9.0,115.0,11.7777777778
320,C774,The Oaks Academy - Middle School,Marion,A,9.0,83.0,8.22222222222
321,C918,The Prep School,Monroe,No Grade,9.0,9.0,0.0
322,D458,,Tippecanoe,,1.0,9.0,8.0
323,B293,,Marion,,9.0,9.0,0.0
324,C699,TP Schools,Marion,A,9.0,76.0,7.44444444444
325,C375,Traders Point Christian Academy,Boone,C,15.0,225.0,14.0
326,C561,Trinity Christian School,Marion,C,57.0,177.0,2.10526315789
327,B901,Trinity Educational Daycare & Acad,Lake,No Grade,9.0,9.0,0.0
328,B452,Trinity Lutheran High School,Jackson,A,9.0,51.0,4.66666666667
329,B850,Trinity Lutheran School,Lake,B,1.0,88.0,87.0
330,C050,Trinity Lutheran School,Lake,B,10.0,27.0,1.7
331,C395,Trinity Lutheran School,Marion,B,24.0,51.0,1.125
332,D217,Trinity School At Greenlawn,St Joseph,F,9.0,67.0,6.44444444444
333,D907,T.R.O.Y. Center,Whitley,F,9.0,30.0,2.33333333333
334,B241,University High School of Indiana,Hamilton,A,1.0,9.0,8.0
335,D073,Victory Christian Academy,Porter,B,25.0,160.0,5.4
336,B600,Warsaw Christian School,Kosciusko,A,9.0,119.0,12.2222222222
337,A665,Washington Catholic Elem School,Daviess,C,22.0,125.0,4.68181818182
338,A660,Washington Catholic Mid/High Sch,Daviess,B,16.0,109.0,5.8125
339,D580,Westside Catholic School,Vanderburgh,B,1.0,107.0,106.0
340,A430,White Creek Lutheran School,Bartholomew,A,1.0,17.0,16.0
341,A375,Woodburn Lutheran School,Allen,A,1.0,82.0,81.0
342,B215,Our Lady Of Mt Carmel School,,A,,,
343,B216,Saint Maria Goretti School,,A,,,
344,B227,Saint Louis de Montfort School,,A,,,
345,A045,Wyneken Memorial Lutheran School,,A,,,
346,B465,Lutheran Central School,,A,,,
347,D090,Immanuel Lutheran School,,A,,,
348,A352,Gateway Woods School,,F,,,
349,A480,James E Davis School,,No Grade,,,
350,B473,White's Academy,,F,,,
351,B557,Pierceton Woods Academy,,No Grade,,,
352,B807,Willowglen Academy,,No Grade,,,
353,C257,Damar Academy,,F,,,
354,C271,Curtis Wilson Primary School,,A,,,
355,C677,International Sch of IN HS (9-12),,A,,,
356,D056,Shults-Lewis Child & Family Srvs,,No Grade,,,
357,D058,Midwest Academy MCYF,,No Grade,,,
358,D451,T. C. Harris School,,F,,,
359,D676,Small World Learning Center,,No Grade,,,
360,D875,Kingdom Academy of Bluffton Inc,,B,,,
