School No.,School Name,County,2011,2012,2013,2014,2015,2016
A260,Aboite Christian School,Huntington,,,,120159.69,166017.44,153605.76
C905,Adventist Christian Elementary,Monroe,,,,,36718.10,
A515,All Saints Catholic School,Cass,30905.00,79050.40,235478.40,198553.59,,
B806,Ambassador Christian Academy,Lake,471628.58,696899.15,1214772.15,991976.45,1003858.37,928125.24
C250,Anderson Christian School,Madison,,44841.42,122637.55,107746.74,169825.88,188464.91
B760,Andrean High School,Lake,223371.76,330932.78,644151.31,709922.71,866705.25,828258.42
B755,Aquinas School at Saint Andrew's,Lake,41082.59,128362.27,184374.49,275155.66,341750.63,342303.34
A248,Ascension Lutheran School,Allen,856.00,4577.00,43851.90,112877.61,179773.00,211070.30
B764,Avicenna Academy,Lake,,13444.75,52950.00,98091.63,131300.58,107295.75
C575,Baptist Academy,Marion,173421.38,358247.06,534973.59,615968.06,533081.67,324602.84
B015,Bethany Christian School,Elkhart,107189.86,263725.13,494234.26,562537.16,660672.96,715454.05
B290,Bethesda Christian School,Hendricks,22100.87,60671.72,154387.37,325580.00,358661.39,445073.31
C705,Bishop Chatard High School,Marion,103305.80,254938.26,505278.54,700515.32,799674.42,947596.59
A120,Bishop Dwenger High School,Allen,104852.43,212545.64,687095.69,1551338.24,1825136.00,1999392.34
A125,Bishop Luers High School,Allen,279838.07,574921.08,1072965.37,1534885.81,1626777.69,1885545.26
B970,Bishop Noll Institute,Lake,223605.07,566924.20,846020.00,1221205.50,1458911.08,1594769.69
A172,Blackhawk Christian Elementary School,Allen,122254.73,266992.56,543386.70,690657.65,848384.51,1007203.08
A170,Blackhawk Christian Jr/Sr High School,Allen,57809.20,172642.34,331955.23,524210.38,610335.27,683309.30
C360,Brebeuf Jesuit Preparatory School,Marion,47008.43,67060.66,134719.55,192932.86,279105.39,346173.80
C396,Burge Terrace Christian School,Marion,,,,149724.33,171142.96,184086.08
B815,Calumet Christian School,Lake,,,91924.52,154229.57,314020.47,481926.02
C580,Calvary Christian School,Marion,105660.59,207698.91,410355.02,514867.55,533108.80,486875.71
C315,Calvary Lutheran School,Marion,83510.04,146923.84,300989.17,432277.75,474101.48,471883.90
C690,Capitol City Seventh Day Adventist Church School,Marion,5670.00,74836.57,208346.99,230083.96,140442.56,111533.55
C715,Cardinal Ritter High School,Marion,315812.27,566777.83,1130703.33,1270349.28,1452470.79,1724870.82
C700,Cathedral High School,Marion,87158.42,230661.83,662035.91,945027.13,1131281.93,1171880.71
D415,Central Catholic Jr/Sr High School,Tippecanoe,13321.22,61003.15,213206.22,488156.10,614617.63,712610.31
C625,Central Catholic School,Marion,197276.02,342427.45,678579.94,789499.28,989093.80,1120072.64
A249,Central Christian School,Allen,39387.61,181726.59,328872.26,376867.79,364981.36,363626.86
A370,Central Lutheran School,Allen,,,,380124.04,564067.12,555484.47
C585,Christ The King School,Marion,61363.04,128126.85,224621.47,402496.21,397437.10,386219.52
D230,Christ The King School,St Joseph,7659.91,64858.20,170485.64,346340.50,468350.74,517391.05
D545,Christ The King School,Vanderburgh,17848.24,58942.00,131338.01,136228.88,184072.00,200506.97
B045,Christian Academy of Indiana,Floyd,70176.98,187613.21,421542.44,702830.85,852348.47,928983.89
B493,Christian Academy of Madison,Jefferson,28760.41,166991.03,222346.81,259195.58,225024.73,253358.58
B195,Cicero Adventist School,Hamilton,,19625.00,,,,
B985,City Baptist Schools,Lake,,48000.00,,,,
C933,Clear Creek Christian School,Monroe,7861.89,43985.60,81439.41,129069.58,150432.06,145369.58
A479,ClearView Education,Boone,,4479.97,,,,
A875,Clinton Christian School,Elkhart,,66907.96,150622.82,343419.18,463063.59,560450.14
C495,Colonial Christian School,Marion,,,77686.25,228545.58,339536.74,372805.88
A450,Columbus Christian School Inc.,Bartholomew,129069.42,240417.24,437016.37,598088.98,508157.11,536407.05
D305,Community Baptist Christian School,St. Joseph,,,212384.89,378415.17,428243.66,461160.24
D862,Community Christian School,Wayne,11384.00,47052.82,126964.44,163354.94,190664.97,162348.77
A205,Concordia Evangelical Lutheran School,Allen,,158532.72,299761.40,712400.07,863062.67,981922.60
A195,Concordia Lutheran High School,Allen,101697.49,228618.13,440973.26,1363284.94,1630798.45,1826148.62
C281,Cornerstone Baptist Academy,Marion,,,281636.92,273681.29,368956.47,377826.79
A236,Cornerstone College Preparatory School,Allen,422918.12,527648.93,440147.82,564037.92,631025.26,687290.10
D235,Corpus Christi School,St Joseph,31500.00,50907.00,158857.44,251297.50,282538.30,296477.62
D550,Corpus Christi School,Vanderburgh,,11114.00,32872.51,71200.00,103769.00,121526.69
B469,Covenant Christian High School,Jasper,4569.49,12426.93,82651.73,157063.14,190052.75,137717.16
C527,Covenant Christian High School,Marion,107629.33,171062.68,158686.77,326212.08,352896.22,429287.77
D189,Covenant Christian School,St Joseph,39036.44,89617.17,201734.79,313486.87,336710.81,409650.98
B085,Covington Christian School,Fountain,21950.00,48209.12,101321.22,118340.70,102835.50,73579.87
C215,Cross Street Christian School,Madison,,,,,65700.00,124070.00
B009,Crossing Educational Center,Elkhart,,,202551.13,593164.67,1497350.97,1495546.16
C514,Crosspointe Christian Academy,Marion,,,79311.49,177817.40,224732.84,378822.01
A275,Crossroad Academy,Allen,,,,,,70523.47
B771,Crown Point Christian School,Lake,,,,321075.23,352153.38,411744.32
C223,Delaware Christian Academy,Delaware,,,,350400.00,496090.25,268339.72
B470,DeMotte Christian School,Jasper,39539.98,152048.49,327184.15,547921.63,582578.76,565229.90
C112,Door Prairie Adventist School,LaPorte,,100961.99,91360.14,93289.34,,
A990,Elkhart Christian Academy,Elkhart,87575.72,279266.20,522233.59,536718.87,862444.81,1022095.30
B160,Eman Schools,Hamilton,24948.79,148190.35,343463.36,400746.86,479849.89,555247.97
A215,Emmanuel Saint Michael Lutheran School,Allen,,78751.80,188186.38,373728.89,438022.67,472138.91
A220,Emmaus Lutheran School,Allen,54700.00,147926.79,215823.52,293410.15,360548.68,399136.85
C680,Emmaus Lutheran School,Marion,13500.00,36000.00,70500.00,78600.00,70200.00,75600.00
D485,Evansville Christian School,Vanderburgh,44898.31,216205.02,690852.37,1125214.22,1275987.56,1502956.53
D525,Evansville Day School,Vanderburgh,2807.24,13597.83,,,180882.04,164414.20
D526,Evansville Day School PK-08,Vanderburgh,10114.48,41164.40,83751.93,112433.35,,
D625,Evansville Lutheran School,Vanderburgh,66921.72,147998.64,350715.58,430438.33,510547.92,437188.31
B748,Faith Academy,Lake,,58026.30,198300.73,336157.16,197915.12,308178.86
B037,Faith Christian School,Fayette,,,,,,
D452,Faith Christian School,Tippecanoe,81569.89,274404.35,489580.63,753385.02,949432.78,1076425.62
B161,Fishers Christian Academy,Hamilton,,,,124552.16,144157.48,200632.46
B565,Flaget Elementary School,Knox,11225.00,65436.07,149553.94,257782.34,272280.78,266892.00
A724,Good Shepherd Christian Academy,Decatur,2805.00,16671.35,52185.00,81843.66,116855.10,117371.55
D555,Good Shepherd School,Vanderburgh,8747.24,39815.76,184109.76,285595.70,322905.78,315762.85
D329,Grace Christian Academy,Scott,34256.98,139993.15,236053.48,315259.57,340677.59,374685.90
D310,Granger Christian School,St Joseph,36054.91,96439.69,178835.36,225093.84,332771.73,491544.94
C966,Greenwood Christian Academy,Johnson,74312.02,156152.96,350650.49,666503.82,851558.21,923362.47
B249,Guerin Catholic High School,Hamilton,20837.51,51388.51,63389.52,188881.42,182118.53,244177.46
B790,Hammond Baptist Elementary & High School,Lake,,26842.10,,,,
C475,Hasten Hebrew Academy Of Indianapolis,Marion,,25146.88,93638.61,153169.97,197205.56,167895.65
C275,Heritage Christian School,Marion,137525.09,246979.54,454298.28,971396.77,1233565.50,1497763.61
A746,Heritage Hall Christian School,Delaware,,114717.78,267657.99,422194.22,417388.11,508155.33
C020,Highland Christian School,Lake,,,278605.03,587562.79,716388.19,840789.26
C590,Holy Angels Catholic School,Marion,93351.48,329674.91,537858.70,541223.36,486685.71,392020.33
C595,Holy Cross Central School,Marion,219631.06,398582.77,913029.37,915851.96,1160030.45,1161884.22
A225,Holy Cross Lutheran School,Allen,,65900.00,170400.00,280460.50,325767.27,378173.15
C267,Holy Cross Lutheran School,Marion,4500.00,4500.00,,96267.92,109922.98,139246.62
B115,Holy Cross School,Gibson,,2445.00,,38350.00,66050.00,68787.50
C211,Holy Cross School,Madison,,,,,,502932.34
D240,Holy Cross School,St Joseph,181315.72,345465.60,794313.46,654624.30,711620.28,735239.16
D725,Holy Cross School,Vigo,40500.00,18000.00,,,,
A865,Holy Family School,Dubois,20682.73,38355.50,66175.00,87051.00,,
B050,Holy Family School,Floyd,11702.17,21044.41,81604.32,194221.30,201702.43,220926.95
D245,Holy Family School,St Joseph,148234.19,246103.60,440776.28,618934.00,641782.00,715020.94
C545,Holy Name School,Marion,50218.02,115386.90,258472.19,455372.38,514378.19,501505.59
D560,Holy Redeemer School,Vanderburgh,46114.48,100663.04,157103.32,292996.39,326832.09,376592.88
D565,Holy Rosary School,Vanderburgh,15317.00,56596.30,244880.50,300613.44,363476.52,476642.18
C390,Holy Spirit School,Marion,266407.89,522422.79,815054.27,834507.50,996396.19,1129321.91
D570,Holy Spirit School,Vanderburgh,78152.00,187813.69,570857.54,517822.12,473707.58,527794.50
A871,Holy Trinity Catholic School,Dubois,,,,,182517.42,202360.00
A309,Horizon Christian Academy,Allen,71647.83,201500.47,587289.46,905127.09,1306617.42,
A302,Horizon Christian Academy II,Allen,,,537631.90,371466.15,313230.80,
A307,Horizon Christian Academy III,Allen,,75060.34,861293.55,897012.30,1145679.67,2437488.08
C282,Horizon Christian School,Marion,72096.34,191622.70,407030.46,549934.95,618433.27,721498.10
C563,Horizon Christian School-Shepherd Campus,Marion,,80189.53,394169.79,409728.00,566894.79,607387.65
B725,Howe School,LaGrange,8728.48,28398.76,,,57057.17,70107.56
B418,Huntington Catholic School,Huntington,70975.02,86665.16,197838.08,212549.70,283822.65,316531.78
C600,Immaculate Heart of Mary School,Marion,,5625.54,,,,
B445,Immanuel Lutheran School,Jackson,,,,,117015.70,203187.26
B190,Indiana Academy,Hamilton,,,91708.19,328712.16,425797.43,470001.70
C175,Indiana Christian Academy,Madison,,99603.18,423945.32,667327.32,771498.04,833005.04
C455,Indianapolis Junior Academy,Marion,177550.00,318675.78,244628.94,160406.14,269775.02,277851.72
B302,Islamic School of Plainfield,Hendricks,,,,,,89407.38
B483,Jay County Christian Academy,Jay,62298.43,106410.14,264521.98,167539.38,174922.42,210326.84
D722,John Paul II Catholic High School,Vigo,3843.00,11144.00,,,,
B295,Kingsway Christian School,Hendricks,31816.28,151807.00,347660.78,569883.62,613765.89,570231.07
D440,Lafayette Christian School,Tippecanoe,,92175.55,270784.81,472770.38,557321.86,603081.70
B595,Lakeland Christian Academy,Kosciusko,30398.76,67427.11,88161.90,156831.46,165796.92,238242.95
B145,Lakeview Christian School,Grant,224614.43,448497.93,717267.41,794868.47,1000308.88,1049160.18
A740,Lakewood Park Christian School,Dekalb,96112.38,256781.77,557786.08,915093.15,946978.74,1036176.21
B248,Legacy Christian School,Hamilton,,,,62085.44,86684.19,142539.08
B299,Legacy Learning Center,Marion,,,,,,389475.97
C226,Liberty Christian Elementary,Madison,310123.37,493781.34,738722.80,817551.11,898543.90,926592.87
C225,Liberty Christian School,Madison,120945.92,152256.82,251971.38,416311.28,436401.56,599937.47
C224,Liberty Christian School (7-8),Madison,101826.11,143552.72,171749.75,171908.65,175681.80,
C927,Lighthouse Christian Academy,Monroe,27217.13,88135.87,172789.49,296332.59,392909.68,665405.85
C270,Lutheran High School,Marion,69362.12,133252.88,229976.49,474849.52,454703.66,565791.91
A235,Lutheran South Unity School,Allen,77913.05,213157.61,575929.55,695315.43,541068.78,330647.10
D165,Marian High School,St Joseph,224007.56,336520.23,751616.30,1368610.25,1556009.40,1619159.01
C125,Marquette Catholic High School,LaPorte,87665.43,210711.69,373800.32,541408.02,782637.60,684594.86
D530,Mater Dei High School,Vanderburgh,28072.34,52125.04,110375.39,544431.52,639749.92,588635.72
D315,Michiana Christian School,St Joseph,,3140.40,70132.48,133991.56,136532.57,161463.72
B747,Midwest Elite Preparatory Academy,Lake,,,269816.58,562795.22,298608.34,260285.55
D177,Mishawaka Catholic School,St Joseph,73591.35,202244.04,389895.76,645119.30,628687.60,577705.12
C965,Mooresville Christian Academy,Morgan,25262.42,28360.96,210987.02,459229.84,609160.81,561508.17
B951,Morning Star Academy,Lake,,,,,,62082.00
B904,Mosaic Middle School,Lake,,,,169225.79,322527.88,335676.78
A130,Most Precious Blood School,Allen,73465.22,160465.86,382702.15,533704.23,538450.90,583717.98
C628,MTI School of Knowledge,Marion,310656.12,565635.30,857048.27,1037575.51,1113508.07,1257589.42
D065,Nativity of Our Savior School,Porter,22742.14,100128.72,200959.84,334854.92,253320.68,250251.07
C265,Nativity School,Marion,37300.00,71098.48,119548.94,230642.23,354876.68,362926.71
D249,New Vision Christian Academy,St Joseph,,9000.00,85400.00,74856.10,84937.36,132275.59
D158,North Liberty Christian School,St Joseph,,15250.00,27900.00,51750.00,76057.88,35011.00
A405,North Star Montessori School,Bartholomew,,,,,56261.00,80793.85
C105,Notre Dame Elementary School,LaPorte,45213.75,42889.08,150879.74,240782.07,345078.76,326076.30
D135,Oldenburg Academy,Franklin,14649.97,40386.63,59221.92,210325.52,276214.03,256196.32
B246,Our Lady of Grace School,Hamilton,16921.51,79746.69,145713.49,196117.63,272684.19,214128.81
C025,Our Lady Of Grace School,Lake,58412.40,157560.82,305699.69,403525.48,393320.76,433794.83
D250,Our Lady Of Hungary School,St Joseph,290805.81,493871.72,705228.32,671711.66,763801.50,864582.20
C605,Our Lady Of Lourdes School,Marion,96096.74,160687.71,360859.79,369809.51,392201.87,389201.00
B060,Our Lady Of Perpetual School,Floyd,33417.58,52928.03,141799.13,282548.31,284201.23,264043.46
A575,Our Lady Of Providence High School,Clark,25221.34,65646.10,145840.29,412745.02,442957.21,445572.29
B535,Our Lady Of The Greenwood School,Johnson,46305.04,188557.35,436738.38,376537.23,471754.87,490609.74
A106,Our Lady School,Allen,,,,,,436840.64
C512,Our Shepherd Lutheran School,Hendricks,35959.28,71677.50,110742.29,161674.07,269212.81,217281.01
B167,Paddock View Residential Center,Grant,105963.34,131499.91,138191.73,,,
C899,Pinnacle School,Monroe,47870.46,132045.81,306545.04,413089.91,72350.38,
B510,Pope John XXIII School,Jefferson,7773.00,97411.60,277896.16,464790.01,524910.79,556820.18
D080,Portage Christian School,Porter,,,189701.41,830794.08,1107968.52,1293837.34
A870,Precious Blood School,Dubois,3264.00,12327.00,32592.08,67006.00,,
C791,Project Libertas,Marion,,,206448.61,261122.12,385269.48,347909.15
C623,Providence Cristo Rey High School,Marion,382859.33,614404.77,966075.85,1180966.85,1311249.27,1439213.55
C110,Queen Of All Saints School,LaPorte,147431.25,185138.16,331533.48,349564.93,317075.96,429179.00
A135,Queen Of Angels School,Allen,80763.41,267294.76,392750.91,456328.08,474607.13,489894.99
D198,Queen of Peace School,St Joseph,25030.51,76410.70,158896.91,247274.43,300612.12,299219.62
B367,Redeemer Lutheran School,Howard,3715.00,23621.52,39390.81,84836.15,176057.83,177131.46
D535,Reitz Memorial High School,Vanderburgh,60833.97,112643.20,216050.59,732273.30,769697.08,878972.18
D317,Resurrection Lutheran Academy,St Joseph,,,,,,80911.00
D610,Resurrection School,Vanderburgh,4040.00,18605.00,112028.00,212519.21,223964.83,269603.43
D860,Richmond Academy,Wayne,63500.00,78395.76,64882.93,133645.18,187783.69,175294.14
B560,Rivet Middle & High School,Knox,13536.29,17446.00,58248.18,145046.28,158462.69,157203.65
C320,Roncalli High School,Marion,96643.13,222216.92,578571.23,1292320.89,1532840.40,1553179.00
A470,Sacred Heart School,Benton,,16600.00,50800.00,76200.00,125293.00,134324.70
A570,Sacred Heart School,Clark,66697.06,152751.84,317230.53,367145.26,431391.41,393770.77
B605,Sacred Heart School,Kosciusko,27000.00,53312.63,98236.00,138211.20,170855.50,133899.11
D255,Saint Adalbert School,St Joseph,185012.00,381561.60,746913.28,914225.00,958161.05,1045750.42
A270,Saint Aloysius Catholic School,Allen,21285.44,56314.27,185814.77,164241.12,194735.29,169579.06
B440,Saint Ambrose School,Jackson,18467.94,26659.00,74668.54,172038.94,205986.52,236742.31
C205,Saint Ambrose School,Madison,38513.64,65658.18,114659.97,202036.30,204131.96,
C615,Saint Anthony Catholic School,Marion,,,,,1082225.94,1201088.96
D260,Saint Anthony De Padua School,St Joseph,139979.73,185689.16,360667.66,578633.72,590407.18,561955.40
A560,Saint Anthony School,Clark,36640.78,88352.04,287997.06,542862.95,649156.74,754121.01
B475,Saint Augustine School,Jasper,11820.00,38865.88,78776.02,89718.03,89144.78,88325.30
C295,Saint Barnabas School,Marion,26223.72,41893.72,73740.17,144536.82,203832.39,247753.92
A425,Saint Bartholomew School,Bartholomew,,25110.00,116600.74,265661.79,327102.92,429104.02
D590,Saint Benedict Cathedral School,Vanderburgh,16307.24,36567.50,203248.26,280335.19,261633.16,302603.01
D805,Saint Bernard Elementary School,Wabash,9000.00,34453.03,86248.96,101802.07,124130.32,213587.05
D370,Saint Bernard School,Spencer,53175.12,71606.24,112532.92,166252.47,184173.52,217906.61
D420,Saint Boniface School,Tippecanoe,31219.86,45240.84,150049.18,212291.78,203385.37,247520.43
C040,Saint Bridget School,Lake,6750.00,,,,,
B950,Saint Casimir School,Lake,135995.00,346806.57,771818.58,1153806.89,1239679.73,1344607.53
C900,Saint Charles Borromeo School,Monroe,,38022.58,74053.73,97169.60,129880.10,144132.04
A145,Saint Charles Borromeo School,Allen,94343.49,372874.25,974015.02,1323988.09,1535213.06,1572271.08
C795,Saint Christopher School,Marion,31285.00,77549.28,243903.02,375015.41,408602.76,387687.28
B800,Saint Edward School,Lake,2488.46,,,,,
D840,Saint Elizabeth Ann Seton School,Wayne,25999.00,198179.38,407473.94,491586.23,471509.87,575867.78
B035,Saint Gabriel Parochial School,Fayette,11682.00,34073.78,91289.67,198326.44,211550.00,250928.39
D435,Saint James Lutheran School,Tippecanoe,5067.86,35459.98,79905.30,157478.17,211341.34,190563.34
B120,Saint James School,Gibson,,5813.00,39487.50,92554.92,122177.62,142157.47
C645,Saint Joan Of Arc School,Marion,155713.77,282389.95,446587.48,598595.24,656218.39,750810.81
B960,Saint John Bosco School,Lake,157921.77,356552.24,573625.28,685923.47,702005.91,735121.03
A695,Saint John Evangelical Lutheran School,Dearborn,,,,,,54902.89
C400,Saint John Evangelical Lutheran School,Marion,35990.64,44318.07,76813.92,144194.30,202454.17,204510.32
B020,Saint John Evangelist School,Elkhart,34464.59,48088.54,108701.73,204402.80,203687.18,278373.22
B780,Saint John Evangelist School,Lake,,18667.71,36459.41,99607.10,110702.87,111542.65
B275,Saint John Lutheran School,Harrison,,,24394.00,63694.52,84053.26,75772.13
B450,Saint John Lutheran School,Jackson,,,,,10400.00,
C150,Saint John Lutheran School,LaPorte,13100.00,30736.00,57221.00,115844.52,174505.34,191336.25
C985,Saint John Lutheran School,Noble,25384.53,80708.84,157205.82,220282.30,246979.23,248686.59
A355,Saint John The Baptist Catholic School,Allen,21476.70,121745.14,435666.85,300650.00,450010.72,358389.38
A150,Saint John The Baptist School,Allen,90000.00,196643.75,499540.79,523087.29,639207.92,669401.69
B965,Saint John The Baptist School,Lake,48925.62,77651.47,283467.46,280337.79,323162.11,420551.12
D265,Saint John The Baptist School,St Joseph,120143.06,225421.20,318617.46,271125.00,302798.33,318474.63
D465,Saint John The Baptist School,Tippecanoe,16232.95,32991.01,62329.88,,,
D815,Saint John The Baptist School,Warrick,4398.31,34876.22,103485.12,203626.08,225003.13,282202.01
A365,Saint John-Emmanuel Lutheran School,Allen,,,,153876.33,177291.75,202521.96
A340,Saint Joseph Catholic School,Allen,54000.00,24055.69,70108.01,154797.19,173839.79,180088.88
A350,Saint Joseph Hessen Cassel Catholic School,Allen,22500.00,47477.15,79478.86,155554.53,157881.40,163453.46
A035,Saint Joseph School,Adams,38741.46,116414.88,389397.67,592754.71,564856.35,541594.74
A735,Saint Joseph School,Dekalb,22500.00,43845.34,88701.30,118550.90,132003.39,113810.01
B105,Saint Joseph School,Gibson,7458.00,16918.93,75465.12,155459.62,138560.37,178048.97
B280,Saint Joseph School,Harrison,,3095.00,46963.14,110058.82,97940.40,153704.02
C145,Saint Joseph School,LaPorte,8983.15,,,,,
D270,Saint Joseph School,St Joseph,13979.73,28662.00,109548.82,180598.50,271314.68,315232.08
D335,Saint Joseph School,Shelby,24500.00,61000.00,119162.39,162225.68,162526.58,155866.64
D605,Saint Joseph School,Vanderburgh,2920.00,22702.88,52864.08,72598.70,68825.11,92550.51
D225,Saint Joseph's High School,St Joseph,67627.26,159512.03,437553.41,1003522.55,1092098.13,1407472.11
A155,Saint Joseph-Saint Elizabeth Campus I,Allen,25482.61,63446.53,142002.51,357299.71,662931.95,795050.34
A104,Saint Joseph-Saint Elizabeth Campus II,Allen,25332.92,92382.70,284775.45,452107.38,549199.28,606441.28
D275,Saint Jude Catholic School,St Joseph,68459.46,139792.80,263467.78,380542.28,428620.10,455291.92
A160,Saint Jude Elementary School,Allen,109574.36,319757.99,659749.20,936744.24,1083760.18,1132974.52
C300,Saint Jude Elementary School,Marion,28397.72,58652.02,160646.65,319264.09,392683.76,427243.56
D425,Saint Lawrence Elementary School,Tippecanoe,5067.86,61882.79,178947.31,238430.61,270431.85,369946.57
A700,Saint Lawrence School,Dearborn,,4500.00,,,90286.96,116250.54
A790,Saint Lawrence School,Delaware,11616.00,27863.00,56573.00,90627.00,83241.00,82209.39
C280,Saint Lawrence School,Marion,178852.38,389918.21,783776.22,907063.94,816964.43,768777.71
A360,Saint Louis Besancon Catholic School,Allen,16158.90,50425.50,154781.55,264020.83,269893.83,242872.17
D130,Saint Louis School,Ripley,,32479.31,127247.64,262001.81,270632.13,256998.77
C435,Saint Luke School,Marion,9000.00,35358.92,138371.51,232790.94,302091.20,340725.27
B285,Saint Malachy School,Hendricks,9424.87,71661.14,190159.74,385151.83,473176.83,446435.58
C305,Saint Mark School,Marion,85784.87,174968.53,313314.75,372791.15,384041.74,585246.15
D430,Saint Mary Cathedral School,Tippecanoe,32164.49,99811.83,254851.40,228715.95,297314.40,298485.67
B835,Saint Mary Catholic Community School,Lake,75709.19,144248.26,304300.47,390753.80,477465.46,464636.17
C980,Saint Mary Elementary School,Noble,9000.00,31038.24,70570.19,133884.66,151968.83,138762.22
D140,Saint Mary Elementary School,Rush,20930.00,63890.56,191150.40,209781.93,252876.54,232219.48
B067,Saint Mary of-the-Knobs Catholic School,Floyd,,9723.82,,47192.42,67560.61,83822.45
A690,Saint Mary School,Dearborn,9000.00,57172.36,93591.20,139000.05,146934.81,160890.77
A730,Saint Mary School,Decatur,,5655.00,,32040.19,43532.37,71973.54
A795,Saint Mary School,Delaware,46000.00,46950.00,73950.00,142813.68,156431.05,185264.40
B515,Saint Mary School,Jennings,20610.00,54625.93,143354.98,176587.77,183510.85,189833.78
B930,Saint Mary School,Lake,77000.00,219005.59,420514.99,480499.89,416933.02,466698.20
C190,Saint Mary School,Madison,1820.00,18500.00,68150.00,122550.00,141986.67,130500.00
C210,Saint Mary School,Madison,30374.58,95869.10,201205.00,253566.70,254137.96,
B065,Saint Mary's Catholic School,Floyd,11244.28,41869.19,,,,
D285,Saint Matthew Cathedral School,St Joseph,138639.64,268742.89,726734.33,906703.47,944451.32,990720.60
C440,Saint Matthew School,Marion,38574.49,122302.66,216211.92,350408.49,485574.16,577504.17
D095,Saint Matthew School,Posey,,7275.91,36676.10,42000.03,34744.81,43476.87
B095,Saint Michael School,Franklin,11505.00,8217.00,21600.00,15700.00,21050.00,28200.00
B265,Saint Michael School,Hancock,25485.00,25300.00,124059.39,212731.02,183243.88,161090.80
B775,Saint Michael School,Lake,4500.00,7342.10,71375.91,82730.39,74418.58,86629.03
C855,Saint Michael School,Marshall,32342.12,126356.68,208098.75,261281.44,332777.52,292850.29
C650,Saint Michael The Archangel School,Marion,258439.58,526354.88,962052.14,947078.09,1134511.99,1253231.93
C445,Saint Monica School,Marion,138707.65,229336.51,538833.97,685162.67,776167.86,871061.87
A680,Saint Nicholas School,Ripley,,,,,,
D050,Saint Patrick School,Porter,3773.00,,,,,42690.00
D720,Saint Patrick School,Vigo,71504.40,181689.62,349099.75,428045.36,530592.62,553574.90
A685,Saint Paul Catholic School,Dearborn,,13143.54,37035.00,107290.10,127529.22,126316.16
D085,Saint Paul Catholic School,Porter,,,,,,46771.09
A245,Saint Paul Lutheran School,Allen,48775.61,166131.69,355405.63,393502.53,512072.60,554472.40
C130,Saint Paul Lutheran School,LaPorte,,39358.50,137122.93,230663.23,341163.99,452324.00
B155,Saint Paul Parish School,Grant,18724.30,90780.00,208475.85,266695.84,230868.27,265998.58
A550,Saint Paul School,Clark,,2578.60,47818.20,150886.51,183497.52,192487.28
C065,Saint Paul's Lutheran School,Lake,,9000.00,76747.02,78230.00,149166.57,168073.06
A040,Saint Peter Immanuel Lutheran School,Adams,,7650.00,17268.00,17000.00,17525.00,22775.00
A435,Saint Peter Lutheran School,Bartholomew,25181.46,33230.84,,,224313.34,483938.17
D375,Saint Peter Lutheran School,Starke,2485.00,18900.00,24185.00,83580.00,138161.85,182919.12
A250,Saint Peter's Lutheran School,Allen,,39715.00,186540.00,289467.41,349412.32,367359.44
C655,Saint Philip Neri School,Marion,206276.02,341189.53,827015.21,980898.51,1236561.26,1267500.58
D100,Saint Philip School,Posey,4840.00,18742.50,49085.00,68034.09,74096.41,75940.06
D164,Saint Pius X Catholic School,St Joseph,3159.91,82398.32,195860.27,277673.27,324121.21,352408.89
C450,Saint Pius X School,Marion,2766.58,26649.16,72338.98,151645.04,177513.59,171300.09
C310,Saint Roch School,Marion,55089.26,77367.22,164014.22,213268.65,281328.14,313985.25
B518,Saint Rose of Lima School,Johnson,33650.98,101672.70,246675.12,256335.86,267746.19,360515.78
C665,Saint Simon The Apostle School,Marion,9000.00,38893.59,41890.31,78058.90,119581.94,168922.72
C120,Saint Stanislaus Kostka School,LaPorte,93771.28,219514.64,404851.03,511387.36,481556.97,402964.50
B865,Saint Stanislaus School,Lake,293992.05,496103.96,744821.47,566258.04,679645.15,772445.76
B300,Saint Susanna School,Hendricks,26678.32,62506.80,151219.62,198771.77,190596.26,182996.46
D615,Saint Theresa School,Vanderburgh,72000.00,139500.00,262761.18,181413.43,,
C670,Saint Therese Little Flower School,Marion,192069.76,417326.71,701389.65,761398.76,854472.10,1136436.56
A175,Saint Therese School,Allen,136089.34,186143.02,345282.86,444697.77,607619.64,575507.61
C675,Saint Thomas Aquinas School,Marion,33394.56,35189.53,115865.59,197974.51,254449.69,235136.65
C060,Saint Thomas More School,Lake,36146.00,58568.28,102525.87,146142.23,266913.10,316855.33
A975,Saint Thomas The Apostle School,Elkhart,53176.44,118361.64,204031.18,233459.19,269902.45,276422.31
A180,Saint Vincent DePaul School,Allen,24796.13,167912.30,435601.52,557662.61,677863.94,784953.75
A980,Saint Vincent DePaul School,Elkhart,102036.44,256674.96,402151.17,340695.82,646739.81,696918.69
C160,Saint Vincent DePaul School,Lawrence,8146.00,140789.39,227083.66,300571.93,314327.45,275028.03
D105,Saint Wendel School,Posey,3190.00,,,44877.55,58817.17,73680.14
B540,Saints Francis and Clare Catholic School,Johnson,20762.84,100804.97,230811.99,370865.64,378617.13,401951.17
B395,Saints Joan of Arc & Patrick School,Howard,4927.55,56777.61,274409.81,513192.22,644764.29,668251.58
B125,Saints Peter & Paul School,Gibson,,,,,,
C710,Scecina Memorial School,Marion,225673.83,481269.41,1188844.62,1553023.93,1578413.65,1692605.22
D842,Seton Catholic High School,Wayne,28797.41,67081.38,179298.70,261764.17,323494.28,352721.59
B455,Seymour Christian Academy,Jackson,,,77738.23,196688.08,231548.03,277456.71
B505,Shawe Memorial High School,Jefferson,13334.05,30216.30,108215.87,316110.31,347279.56,305010.33
D195,South Bend Hebrew Day School,St Joseph,,40921.20,194203.77,310071.65,369737.71,413962.02
D300,South Bend Junior Academy School,St Joseph,36375.00,21750.00,54753.32,80003.80,71286.08,87104.64
C349,Southport Presbyterian Christian School,Marion,17080.00,57400.00,77873.14,111262.67,106522.80,119307.33
B928,Spirit of God Accelerated School,Lake,,27000.00,296100.00,336166.81,382708.16,194392.72
A200,Suburban Bethlehem Lutheran School,Allen,,54131.43,101405.11,166867.51,187670.75,223995.07
C325,Suburban Christian School,Marion,,,,103372.68,498859.52,620293.63
C940,Tabernacle Christian Schools,Morgan,,,199987.21,630394.51,771517.43,964633.88
D748,Terre Haute Seventh Day Adventist School,Vigo,36000.00,31500.00,55400.00,61100.00,62400.00,58699.40
C589,The Independence Academy,Marion,,11646.88,40443.96,,46432.86,70294.79
B136,The King's Academy,Grant,18688.20,92443.60,254896.87,385628.20,513130.01,555134.06
C773,The Oaks Academy,Marion,,357633.38,715460.75,910881.07,798824.02,835685.64
B297,The Oaks Academy - Brookside,Marion,,40500.00,219569.55,442474.96,543889.16,583750.98
C774,The Oaks Academy - Middle School,Marion,,,,,304281.16,385910.73
C918,The Prep School,Monroe,,,61990.04,66365.85,,
D458,Tippecanoe Christian School,Tippecanoe,30713.18,,,,,
B293,Todd Academy,Marion,,26235.88,70859.80,132474.43,,
C699,TP Schools,Marion,,91953.88,507396.72,711408.50,441402.02,378717.87
C375,Traders Point Christian Academy,Boone,55589.65,180151.93,384614.01,577133.64,685436.48,969172.42
C561,Trinity Christian School,Marion,261337.16,403378.95,926857.95,972631.34,1029442.44,943040.05
B901,Trinity Educational Daycare & Academy,Lake,,166500.00,324300.00,311636.54,186367.90,
B452,Trinity Lutheran High School,Jackson,,,,242220.59,234984.84,202408.90
B850,Trinity Lutheran School,Lake,15850.00,47580.57,84751.44,195391.10,214288.49,283214.02
C050,Trinity Lutheran School,Lake,33150.00,70293.00,63545.00,66506.50,77845.50,95784.24
C395,Trinity Lutheran School,Marion,96728.09,180325.29,335222.52,469843.55,345672.14,208953.00
D217,Trinity School At Greenlawn,St Joseph,,96529.54,138894.08,260902.55,265920.79,281496.83
D907,TROY Center,Whitley,,54824.56,66741.36,109527.10,113915.66,153592.95
B241,University High School of Indiana,Hamilton,4389.21,30476.66,,45290.09,59317.25,
D073,Victory Christian Academy,Porter,91376.83,176859.25,337586.80,495723.60,591434.56,628664.11
B600,Warsaw Christian School,Kosciusko,,44438.50,193676.74,324674.19,454073.69,506382.29
A665,Washington Catholic Elementary School,Daviess,60640.32,208044.40,361209.71,418336.07,497109.47,545540.06
A660,Washington Catholic Middle/High School,Daviess,44480.00,137137.16,165822.33,255134.17,431899.75,516754.42
D580,Westside Catholic School,Vanderburgh,13500.00,68164.40,252557.12,346230.03,435560.07,487281.29
A430,White Creek Lutheran School,Bartholomew,,,,,,42408.00
A375,Woodburn Lutheran School,Allen,5317.80,84797.07,243779.89,229317.97,230443.18,262060.16